transaction_id,date,store_id,article_id,quantity,selling_price,currency,discount_pct,customer_id,weather_condition,reason,rule_id
TXN-103994,04-03-2024,S-005,ART-00037,3,325.26,TRY,0.0,CUST-001244,Humid,exact copy of an earlier row,TRANSACTIONS_EXACT_COPY
TXN-106532,2024-03-08,S-001,ART-00016,3,301.44,TRY,0.0,CUST-001500,Hot,exact copy of an earlier row,TRANSACTIONS_EXACT_COPY
TXN-104502,2024-03-05,S-004,ART-00025,3,3387.28,TRY,0.0,CUST-000328,Cloudy,exact copy of an earlier row,TRANSACTIONS_EXACT_COPY
TXN-111960,13-03-2024,S-003,ART-00146,2,12420.0,KRS,0.0,CUST-000790,Cloudy,exact copy of an earlier row,TRANSACTIONS_EXACT_COPY
TXN-105048,2024-03-06,S-002,ART-00015,1,483.0,TRY,0.0,CUST-000082,Rainy,exact copy of an earlier row,TRANSACTIONS_EXACT_COPY
TXN-126350,2024-03-29,S-004,ART-00025,1,3228.11,TRY,11.5,CUST-000769,Hot,exact copy of an earlier row,TRANSACTIONS_EXACT_COPY
TXN-115732,2024-03-17,S-003,ART-00177,5,45540.0,KRS,0.0,CUST-000286,Cloudy,exact copy of an earlier row,TRANSACTIONS_EXACT_COPY
TXN-100097,2024-03-01,S-001,ART-00030,2,3000.12,TRY,0.0,CUST-001382,Humid,exact copy of an earlier row,TRANSACTIONS_EXACT_COPY
TXN-106435,2024-03-07,S-005,ART-00013,1,509.44,TRY,0.0,CUST-001092,Hot,exact copy of an earlier row,TRANSACTIONS_EXACT_COPY
TXN-112321,2024-03-14,S-001,ART-00001,1,4487.46,TRY,0.0,NA,Cloudy,exact copy of an earlier row,TRANSACTIONS_EXACT_COPY
TXN-125073,2024-03-28,S-001,ART-00008,2,328.12,TRY,0.0,CUST-000435,Hot,exact copy of an earlier row,TRANSACTIONS_EXACT_COPY
TXN-109419,2024-03-10,S-004,ART-00029,3,617.54,TRY,0.0,CUST-001446,Cold,exact copy of an earlier row,TRANSACTIONS_EXACT_COPY
TXN-117017,2024-03-18,S-004,ART-00008,1,347.94,TRY,13.3,CUST-000137,Cloudy,exact copy of an earlier row,TRANSACTIONS_EXACT_COPY
TXN-112224,2024-03-13,S-005,ART-00018,3,385.16,TRY,10.2,CUST-001490,Rainy,exact copy of an earlier row,TRANSACTIONS_EXACT_COPY
TXN-113555,2024-03-15,S-003,ART-00076,1,78630.0,KRS,0.0,CUST-000531,Sunny,exact copy of an earlier row,TRANSACTIONS_EXACT_COPY
TXN-105536,2024-03-06,S-005,ART-00034,1,361.54,TRY,0.0,CUST-001300,Rainy,exact copy of an earlier row,TRANSACTIONS_EXACT_COPY
TXN-110598,2024-03-11,S-005,ART-00025,2,3321.66,TRY,0.0,CUST-000304,Rainy,exact copy of an earlier row,TRANSACTIONS_EXACT_COPY
TXN-111100,2024-03-12,S-003,ART-00016,1,31661.0,KRS,0.0,CUST-000252,Humid,exact copy of an earlier row,TRANSACTIONS_EXACT_COPY
TXN-114757,2024-03-16,S-004,ART-00025,1,3253.84,TRY,13.6,CUST-000518,Cloudy,exact copy of an earlier row,TRANSACTIONS_EXACT_COPY
TXN-103109,2024-03-04,S-001,ART-00125,1,440.98,TRY,0.0,,Sunny,exact copy of an earlier row,TRANSACTIONS_EXACT_COPY
TXN-114150,2024-03-16,S-001,ART-00020,2,2671.12,TRY,0.0,CUST-000079,Humid,exact copy of an earlier row,TRANSACTIONS_EXACT_COPY
TXN-105599,2024-03-06,S-005,ART-00033,3,374.45,TRY,0.0,CUST-000936,Cold,exact copy of an earlier row,TRANSACTIONS_EXACT_COPY
TXN-114990,2024-03-16,S-005,ART-00191,1,238.56,TRY,0.0,CUST-000821,Rainy,exact copy of an earlier row,TRANSACTIONS_EXACT_COPY
TXN-110587,2024-03-11,S-005,ART-00005,3,521.96,TRY,0.0,CUST-000882,Humid,exact copy of an earlier row,TRANSACTIONS_EXACT_COPY
TXN-103519,2024-03-04,S-003,ART-00031,2,88451.0,KRS,8.0,CUST-000076,Humid,exact copy of an earlier row,TRANSACTIONS_EXACT_COPY
TXN-121589,2024-03-24,S-002,ART-00019,3,426.12,TRY,0.0,CUST-000431,Sunny,exact copy of an earlier row,TRANSACTIONS_EXACT_COPY
TXN-110944,2024-03-12,S-002,ART-00014,1,528.58,TRY,0.0,CUST-000341,Hot,exact copy of an earlier row,TRANSACTIONS_EXACT_COPY
TXN-102584,2024-03-03,S-004,ART-00040,2,5110.45,TRY,0.0,CUST-000471,Cloudy,exact copy of an earlier row,TRANSACTIONS_EXACT_COPY
TXN-107175,2024-03-08,S-004,ART-00049,4,778.51,TRY,0.0,CUST-001437,Rainy,exact copy of an earlier row,TRANSACTIONS_EXACT_COPY
TXN-107713,2024-03-09,S-002,ART-00014,2,559.21,TRY,0.0,CUST-001458,Cold,exact copy of an earlier row,TRANSACTIONS_EXACT_COPY
TXN-105426,2024-03-06,S-004,ART-00003,1,328.31,TRY,33.7,CUST-000818,Sunny,exact copy of an earlier row,TRANSACTIONS_EXACT_COPY
TXN-116098,2024-03-17,S-004,ART-00003,1,325.38,TRY,0.0,CUST-001361,Hot,exact copy of an earlier row,TRANSACTIONS_EXACT_COPY
TXN-111819,13-03-2024,S-003,ART-00034,2,38031.0,KRS,11.0,CUST-001402,Hot,exact copy of an earlier row,TRANSACTIONS_EXACT_COPY
TXN-121732,2024-03-24,S-002,ART-00047,1,25.46,TRY,38.5,CUST-000562,Cloudy,exact copy of an earlier row,TRANSACTIONS_EXACT_COPY
TXN-103427,04-03-2024,S-002,ART-00025,5,3275.08,TRY,0.0,CUST-000193,Cloudy,exact copy of an earlier row,TRANSACTIONS_EXACT_COPY
TXN-115799,2024-03-17,S-003,ART-00011,3,23674.0,KRS,0.0,CUST-000363,Cold,exact copy of an earlier row,TRANSACTIONS_EXACT_COPY
TXN-113215,2024-03-15,S-001,ART-00012,3,143.16,TRY,0.0,CUST-000334,Sunny,exact copy of an earlier row,TRANSACTIONS_EXACT_COPY
TXN-125894,2024-03-29,S-002,ART-00137,4,4325.56,TRY,0.0,CUST-001486,Hot,exact copy of an earlier row,TRANSACTIONS_EXACT_COPY
TXN-115349,2024-03-17,S-001,ART-00152,2,3800.16,TRY,0.0,CUST-001224,Cloudy,exact copy of an earlier row,TRANSACTIONS_EXACT_COPY
TXN-113388,2024-03-15,S-002,ART-00006,1,324.67,TRY,0.0,CUST-000749,Cold,exact copy of an earlier row,TRANSACTIONS_EXACT_COPY
TXN-112670,2024-03-14,S-002,ART-00036,1,66.76,TRY,11.9,CUST-000327,Hot,exact copy of an earlier row,TRANSACTIONS_EXACT_COPY
TXN-118276,2024-03-20,S-002,ART-00176,3,521.53,TRY,6.2,CUST-000606,Sunny,exact copy of an earlier row,TRANSACTIONS_EXACT_COPY
TXN-117745,2024-03-19,S-003,ART-00001,3,489131.0,KRS,0.0,CUST-000519,Hot,exact copy of an earlier row,TRANSACTIONS_EXACT_COPY
TXN-111730,2024-03-13,S-002,ART-00012,4,131.89,TRY,0.0,CUST-001373,Cloudy,exact copy of an earlier row,TRANSACTIONS_EXACT_COPY
TXN-120051,2024-03-22,S-003,ART-00017,1,37699.0,KRS,0.0,CUST-001140,Cloudy,exact copy of an earlier row,TRANSACTIONS_EXACT_COPY
TXN-114406,16-03-2024,S-002,ART-00009,1,242.71,TRY,0.0,CUST-000766,Rainy,exact copy of an earlier row,TRANSACTIONS_EXACT_COPY
TXN-123159,2024-03-25,S-003,ART-00181,1,53203.0,KRS,0.0,CUST-000463,Sunny,exact copy of an earlier row,TRANSACTIONS_EXACT_COPY
TXN-122975,2024-03-25,S-002,ART-00004,2,644.26,TRY,0.0,CUST-000497,Sunny,exact copy of an earlier row,TRANSACTIONS_EXACT_COPY
TXN-103247,04-03-2024,S-002,ART-00033,1,356.81,TRY,0.0,CUST-001488,Hot,exact copy of an earlier row,TRANSACTIONS_EXACT_COPY
TXN-112236,2024-03-13,S-005,ART-00005,1,524.74,TRY,0.0,CUST-000255,Hot,exact copy of an earlier row,TRANSACTIONS_EXACT_COPY
TXN-124211,2024-03-26,S-005,ART-00024,1,555.27,TRY,10.5,CUST-001041,Hot,exact copy of an earlier row,TRANSACTIONS_EXACT_COPY
TXN-115345,17-03-2024,S-001,ART-00015,1,485.9,TRY,0.0,CUST-000114,Cloudy,exact copy of an earlier row,TRANSACTIONS_EXACT_COPY
TXN-100844,2024-03-02,S-001,ART-00037,1,298.63,TRY,0.0,CUST-000946,Hot,exact copy of an earlier row,TRANSACTIONS_EXACT_COPY
TXN-115843,2024-03-17,S-003,ART-00001,5,457970.0,KRS,10.7,CUST-000866,Cloudy,exact copy of an earlier row,TRANSACTIONS_EXACT_COPY
TXN-122327,2024-03-24,S-004,ART-00035,2,706.87,TRY,0.0,CUST-000590,Rainy,exact copy of an earlier row,TRANSACTIONS_EXACT_COPY
TXN-109251,2024-03-10,S-003,ART-00027,1,124615.0,KRS,0.0,CUST-000980,Humid,exact copy of an earlier row,TRANSACTIONS_EXACT_COPY
TXN-114676,2024-03-16,S-004,ART-00032,1,489.17,TRY,0.0,CUST-000649,Hot,exact copy of an earlier row,TRANSACTIONS_EXACT_COPY
TXN-106479,2024-03-07,S-005,ART-00129,1,414.88,TRY,0.0,CUST-000385,Cold,exact copy of an earlier row,TRANSACTIONS_EXACT_COPY
TXN-114808,2024-03-16,S-004,ART-00022,1,522.31,TRY,0.0,CUST-000343,Sunny,exact copy of an earlier row,TRANSACTIONS_EXACT_COPY
TXN-114060,2024-03-16,S-001,ART-00189,1,540.19,TRY,7.1,CUST-000797,Humid,exact copy of an earlier row,TRANSACTIONS_EXACT_COPY
TXN-125205,2024-03-28,S-002,ART-00016,1,325.21,TRY,0.0,CUST-001281,Rainy,exact copy of an earlier row,TRANSACTIONS_EXACT_COPY
TXN-128607,2024-03-31,S-005,ART-00030,3,2980.86,TRY,0.0,CUST-001098,Hot,exact copy of an earlier row,TRANSACTIONS_EXACT_COPY
TXN-112037,2024-03-13,S-004,ART-00036,1,69.04,TRY,0.0,CUST-001490,Sunny,exact copy of an earlier row,TRANSACTIONS_EXACT_COPY
TXN-109754,2024-03-11,S-001,ART-00008,1,343.14,TRY,15.9,CUST-001395,Cold,exact copy of an earlier row,TRANSACTIONS_EXACT_COPY
TXN-107307,2024-03-08,S-005,ART-00004,1,645.16,TRY,12.6,CUST-001306,Sunny,exact copy of an earlier row,TRANSACTIONS_EXACT_COPY
TXN-112134,2024-03-13,S-004,ART-00037,3,313.67,TRY,0.0,CUST-000381,Hot,exact copy of an earlier row,TRANSACTIONS_EXACT_COPY
TXN-120934,2024-03-23,S-002,ART-00043,3,3187.97,TRY,14.2,CUST-000665,Cloudy,exact copy of an earlier row,TRANSACTIONS_EXACT_COPY
TXN-107013,2024-03-08,S-003,ART-00026,2,80767.0,KRS,0.0,CUST-001008,Cloudy,exact copy of an earlier row,TRANSACTIONS_EXACT_COPY
TXN-117197,2024-03-19,S-001,ART-00039,3,748.4,TRY,0.0,CUST-000312,Humid,exact copy of an earlier row,TRANSACTIONS_EXACT_COPY
TXN-102130,2024-03-03,S-002,ART-00027,3,1266.6,TRY,0.0,CUST-001309,Cold,exact copy of an earlier row,TRANSACTIONS_EXACT_COPY
TXN-112260,2024-03-13,S-005,ART-00150,1,131.55,TRY,21.8,CUST-000343,Cold,exact copy of an earlier row,TRANSACTIONS_EXACT_COPY
TXN-117593,2024-03-19,S-003,ART-00028,4,10185.0,KRS,35.9,CUST-000730,Humid,exact copy of an earlier row,TRANSACTIONS_EXACT_COPY
TXN-128325,2024-03-31,S-004,ART-00031,1,931.39,TRY,38.2,CUST-000940,Rainy,exact copy of an earlier row,TRANSACTIONS_EXACT_COPY
TXN-115932,17-03-2024,S-004,ART-00026,4,807.08,TRY,19.4,CUST-000963,Sunny,exact copy of an earlier row,TRANSACTIONS_EXACT_COPY
TXN-103028,2024-03-03,S-005,ART-00014,1,556.11,TRY,10.3,CUST-000978,Rainy,exact copy of an earlier row,TRANSACTIONS_EXACT_COPY
TXN-122328,24-03-2024,S-004,ART-00097,2,1489.39,TRY,0.0,CUST-000947,Rainy,exact copy of an earlier row,TRANSACTIONS_EXACT_COPY
TXN-119408,2024-03-21,S-004,ART-00016,1,302.96,TRY,32.8,CUST-001075,Humid,exact copy of an earlier row,TRANSACTIONS_EXACT_COPY
TXN-114721,2024-03-16,S-004,ART-00042,4,139.43,TRY,0.0,CUST-001279,Cloudy,exact copy of an earlier row,TRANSACTIONS_EXACT_COPY
TXN-124591,2024-03-27,S-003,ART-00021,2,677519.0,KRS,13.7,CUST-001204,Rainy,exact copy of an earlier row,TRANSACTIONS_EXACT_COPY
TXN-119388,2024-03-21,S-004,ART-00019,1,456.95,TRY,0.0,NA,Rainy,exact copy of an earlier row,TRANSACTIONS_EXACT_COPY
TXN-127305,2024-03-30,S-004,ART-00008,1,322.47,TRY,0.0,CUST-000336,Cloudy,exact copy of an earlier row,TRANSACTIONS_EXACT_COPY
TXN-101434,2024-03-02,S-003,ART-00034,3,36249.0,KRS,0.0,CUST-000746,Rainy,exact copy of an earlier row,TRANSACTIONS_EXACT_COPY
TXN-117126,2024-03-18,S-005,ART-00039,1,759.64,TRY,7.0,CUST-000160,Sunny,exact copy of an earlier row,TRANSACTIONS_EXACT_COPY
TXN-121867,2024-03-24,S-002,ART-00020,1,2650.11,TRY,0.0,CUST-001270,Cold,exact copy of an earlier row,TRANSACTIONS_EXACT_COPY
TXN-115478,2024-03-17,S-002,ART-00084,3,1801.59,TRY,5.7,CUST-001183,Humid,exact copy of an earlier row,TRANSACTIONS_EXACT_COPY
TXN-102905,2024-03-03,S-005,ART-00083,1,323.07,TRY,0.0,CUST-000840,Rainy,exact copy of an earlier row,TRANSACTIONS_EXACT_COPY
TXN-100352,01-03-2024,S-003,ART-00020,1,274031.0,KRS,0.0,CUST-001297,Rainy,exact copy of an earlier row,TRANSACTIONS_EXACT_COPY
TXN-114688,2024-03-16,S-004,ART-00134,5,427.05,TRY,0.0,CUST-000510,Humid,exact copy of an earlier row,TRANSACTIONS_EXACT_COPY
TXN-115005,2024-03-16,S-005,ART-00191,1,233.29,TRY,9.9,CUST-000109,Hot,exact copy of an earlier row,TRANSACTIONS_EXACT_COPY
TXN-123968,2024-03-26,S-004,ART-00026,3,797.38,TRY,0.0,CUST-000429,Cold,exact copy of an earlier row,TRANSACTIONS_EXACT_COPY
TXN-125532,2024-03-28,S-004,ART-00001,4,4620.11,TRY,0.0,CUST-000331,Hot,exact copy of an earlier row,TRANSACTIONS_EXACT_COPY
TXN-121321,2024-03-23,S-004,ART-00026,2,804.37,TRY,0.0,CUST-000758,Cold,exact copy of an earlier row,TRANSACTIONS_EXACT_COPY
TXN-128619,2024-03-31,S-005,ART-00021,1,6689.11,TRY,0.0,CUST-000704,Cold,exact copy of an earlier row,TRANSACTIONS_EXACT_COPY
TXN-117069,2024-03-18,S-004,ART-00023,2,362.48,TRY,0.0,CUST-001004,Rainy,exact copy of an earlier row,TRANSACTIONS_EXACT_COPY
TXN-122510,2024-03-24,S-005,ART-00039,3,727.48,TRY,0.0,CUST-001124,Humid,exact copy of an earlier row,TRANSACTIONS_EXACT_COPY
TXN-124331,2024-03-27,S-001,ART-00033,4,362.43,TRY,0.0,CUST-000537,Rainy,exact copy of an earlier row,TRANSACTIONS_EXACT_COPY
TXN-104703,2024-03-05,S-005,ART-00023,1,374.6,TRY,0.0,CUST-000075,Cold,exact copy of an earlier row,TRANSACTIONS_EXACT_COPY
TXN-105007,2024-03-06,S-002,ART-00021,1,6905.71,TRY,0.0,,Rainy,exact copy of an earlier row,TRANSACTIONS_EXACT_COPY
TXN-120898,2024-03-23,S-002,ART-00020,2,2732.38,TRY,17.5,CUST-001319,Cold,exact copy of an earlier row,TRANSACTIONS_EXACT_COPY
TXN-127501,2024-03-30,S-004,ART-00024,1,548.8,TRY,0.0,CUST-000811,Sunny,exact copy of an earlier row,TRANSACTIONS_EXACT_COPY
TXN-121052,23-03-2024,S-003,ART-00170,1,364848.0,KRS,0.0,CUST-001164,Cloudy,exact copy of an earlier row,TRANSACTIONS_EXACT_COPY
TXN-127373,2024-03-30,S-004,ART-00188,4,343.19,TRY,27.9,CUST-000648,Rainy,exact copy of an earlier row,TRANSACTIONS_EXACT_COPY
TXN-102241,2024-03-03,S-002,ART-00007,1,686.59,TRY,0.0,CUST-001456,Humid,exact copy of an earlier row,TRANSACTIONS_EXACT_COPY
TXN-124669,2024-03-27,S-004,ART-00008,5,347.42,TRY,0.0,CUST-000595,Cloudy,exact copy of an earlier row,TRANSACTIONS_EXACT_COPY
TXN-125018,2024-03-28,S-001,ART-00023,3,380.01,TRY,0.0,CUST-000769,Cloudy,exact copy of an earlier row,TRANSACTIONS_EXACT_COPY
TXN-114132,2024-03-16,S-001,ART-00026,1,850.62,TRY,0.0,CUST-000844,Cloudy,exact copy of an earlier row,TRANSACTIONS_EXACT_COPY
TXN-121074,2024-03-23,S-003,ART-00007,3,70336.0,KRS,0.0,CUST-001165,Humid,exact copy of an earlier row,TRANSACTIONS_EXACT_COPY
TXN-128629,2024-03-31,S-005,ART-00135,1,5245.03,TRY,0.0,CUST-001425,Rainy,exact copy of an earlier row,TRANSACTIONS_EXACT_COPY
TXN-107603,2024-03-09,S-002,ART-00007,3,691.7,TRY,0.0,CUST-000423,Sunny,exact copy of an earlier row,TRANSACTIONS_EXACT_COPY
TXN-112155,2024-03-13,S-004,ART-00024,3,560.96,TRY,0.0,CUST-000407,Hot,exact copy of an earlier row,TRANSACTIONS_EXACT_COPY
TXN-127489,2024-03-30,S-004,ART-00032,1,493.0,TRY,0.0,CUST-001136,Rainy,exact copy of an earlier row,TRANSACTIONS_EXACT_COPY
TXN-125167,2024-03-28,S-002,ART-00038,2,1118.2,TRY,0.0,CUST-000634,Rainy,exact copy of an earlier row,TRANSACTIONS_EXACT_COPY
TXN-113475,2024-03-15,S-002,ART-00010,1,321.3,TRY,0.0,CUST-000511,Humid,exact copy of an earlier row,TRANSACTIONS_EXACT_COPY
TXN-127688,2024-03-30,S-005,ART-00005,1,497.56,TRY,14.3,CUST-000577,Hot,exact copy of an earlier row,TRANSACTIONS_EXACT_COPY
TXN-102902,03-03-2024,S-005,ART-00034,2,386.37,TRY,0.0,CUST-000536,Hot,exact copy of an earlier row,TRANSACTIONS_EXACT_COPY
TXN-108797,2024-03-10,S-002,ART-00026,1,814.13,TRY,0.0,CUST-000026,Rainy,exact copy of an earlier row,TRANSACTIONS_EXACT_COPY
TXN-102343,2024-03-03,S-002,ART-00028,1,106.5,TRY,0.0,CUST-000635,Cold,exact copy of an earlier row,TRANSACTIONS_EXACT_COPY
TXN-106707,2024-03-08,S-002,ART-00030,1,2904.36,TRY,0.0,CUST-000730,Hot,exact copy of an earlier row,TRANSACTIONS_EXACT_COPY
TXN-115190,2024-03-16,S-005,ART-00112,1,4882.83,TRY,0.0,,Cloudy,exact copy of an earlier row,TRANSACTIONS_EXACT_COPY
TXN-102642,2024-03-03,S-004,ART-00170,1,3632.45,TRY,0.0,CUST-000634,Cold,exact copy of an earlier row,TRANSACTIONS_EXACT_COPY
TXN-106947,2024-03-08,S-003,ART-00008,1,33467.0,KRS,0.0,CUST-000269,Sunny,exact copy of an earlier row,TRANSACTIONS_EXACT_COPY
TXN-102394,2024-03-03,S-003,ART-00040,3,482972.0,KRS,10.8,CUST-000156,Cold,exact copy of an earlier row,TRANSACTIONS_EXACT_COPY
TXN-102919,2024-03-03,S-005,ART-00146,1,134.91,TRY,0.0,CUST-000811,Rainy,exact copy of an earlier row,TRANSACTIONS_EXACT_COPY
TXN-105501,2024-03-06,S-004,ART-00040,1,5010.81,TRY,0.0,CUST-001227,Rainy,exact copy of an earlier row,TRANSACTIONS_EXACT_COPY
TXN-121184,2024-03-23,S-004,ART-00077,4,162.44,TRY,0.0,CUST-001360,Cloudy,exact copy of an earlier row,TRANSACTIONS_EXACT_COPY
TXN-110446,2024-03-11,S-004,ART-00001,2,4877.18,TRY,0.0,CUST-000627,Sunny,exact copy of an earlier row,TRANSACTIONS_EXACT_COPY
TXN-105216,2024-03-06,S-002,ART-00012,1,134.5,TRY,0.0,CUST-000556,Humid,exact copy of an earlier row,TRANSACTIONS_EXACT_COPY
TXN-107828,2024-03-09,S-002,ART-00184,3,376.52,TRY,0.0,NA,Cold,exact copy of an earlier row,TRANSACTIONS_EXACT_COPY
TXN-104731,2024-03-05,S-005,ART-00036,1,64.61,TRY,26.4,CUST-001146,Cloudy,exact copy of an earlier row,TRANSACTIONS_EXACT_COPY
TXN-128597,2024-03-31,S-005,ART-00027,1,1268.49,TRY,0.0,CUST-000927,Rainy,exact copy of an earlier row,TRANSACTIONS_EXACT_COPY
TXN-128366,2024-03-31,S-004,ART-00118,2,204.52,TRY,35.1,CUST-001087,Rainy,exact copy of an earlier row,TRANSACTIONS_EXACT_COPY
TXN-110085,2024-03-11,S-002,ART-00035,2,694.64,TRY,0.0,CUST-000371,Cold,exact copy of an earlier row,TRANSACTIONS_EXACT_COPY
TXN-125180,2024-03-28,S-002,ART-00037,1,310.1,TRY,12.7,CUST-001265,Humid,exact copy of an earlier row,TRANSACTIONS_EXACT_COPY
TXN-110954,2024-03-12,S-002,ART-00032,1,455.79,TRY,0.0,CUST-000356,Cold,exact copy of an earlier row,TRANSACTIONS_EXACT_COPY
TXN-125646,2024-03-28,S-005,ART-00034,3,371.42,TRY,7.1,N/A,Hot,exact copy of an earlier row,TRANSACTIONS_EXACT_COPY
TXN-125075,2024-03-28,S-001,ART-00174,1,4974.31,TRY,0.0,CUST-000285,Rainy,exact copy of an earlier row,TRANSACTIONS_EXACT_COPY
TXN-103069,2024-03-03,S-005,ART-00004,1,694.71,TRY,0.0,CUST-000982,Cold,exact copy of an earlier row,TRANSACTIONS_EXACT_COPY
TXN-115332,2024-03-17,S-001,ART-00016,3,308.55,TRY,0.0,CUST-000818,Humid,exact copy of an earlier row,TRANSACTIONS_EXACT_COPY
TXN-100463,2024-03-01 00:00:00,S-004,ART-00150,-1,133.37,TRY,0.0,CUST-001402,Cloudy,"quantity must be positive, got -1",TRANSACTIONS_QUANTITY_NOT_POSITIVE
TXN-111969,2024-03-13 00:00:00,S-004,ART-00050,-4,58.35,TRY,7.8,CUST-001166,Cloudy,"quantity must be positive, got -4",TRANSACTIONS_QUANTITY_NOT_POSITIVE
TXN-111791,2024-03-13 00:00:00,S-003,ART-00001,-2,4727.47,TRY,0.0,CUST-000273,Hot,"quantity must be positive, got -2",TRANSACTIONS_QUANTITY_NOT_POSITIVE
TXN-109571,2024-03-10 00:00:00,S-005,ART-00127,-1,666.97,TRY,0.0,,Sunny,"quantity must be positive, got -1",TRANSACTIONS_QUANTITY_NOT_POSITIVE
TXN-112629,2024-03-14 00:00:00,S-002,ART-00011,-5,242.54,TRY,0.0,,Hot,"quantity must be positive, got -5",TRANSACTIONS_QUANTITY_NOT_POSITIVE
TXN-110950,2024-03-12 00:00:00,S-002,ART-00015,-1,479.48,TRY,0.0,CUST-001339,Hot,"quantity must be positive, got -1",TRANSACTIONS_QUANTITY_NOT_POSITIVE
TXN-104561,2024-03-05 00:00:00,S-004,ART-00037,-2,316.57,TRY,0.0,CUST-000707,Humid,"quantity must be positive, got -2",TRANSACTIONS_QUANTITY_NOT_POSITIVE
TXN-127821,2024-03-31 00:00:00,S-001,ART-00004,-3,695.02,TRY,29.1,CUST-001048,Humid,"quantity must be positive, got -3",TRANSACTIONS_QUANTITY_NOT_POSITIVE
TXN-119241,2024-03-21 00:00:00,S-002,ART-00008,-1,335.71,TRY,0.0,CUST-000631,Sunny,"quantity must be positive, got -1",TRANSACTIONS_QUANTITY_NOT_POSITIVE
TXN-128230,2024-03-31 00:00:00,S-003,ART-00011,-1,236.78,TRY,0.0,CUST-001028,Rainy,"quantity must be positive, got -1",TRANSACTIONS_QUANTITY_NOT_POSITIVE
TXN-109768,2024-03-11 00:00:00,S-001,ART-00172,-1,740.57,TRY,15.6,CUST-000274,Hot,"quantity must be positive, got -1",TRANSACTIONS_QUANTITY_NOT_POSITIVE
TXN-101228,2024-03-02 00:00:00,S-002,ART-00028,-2,101.59,TRY,21.6,CUST-000733,Cloudy,"quantity must be positive, got -2",TRANSACTIONS_QUANTITY_NOT_POSITIVE
TXN-101247,2024-03-02 00:00:00,S-002,ART-00149,-1,269.22,TRY,0.0,CUST-001279,Cloudy,"quantity must be positive, got -1",TRANSACTIONS_QUANTITY_NOT_POSITIVE
TXN-108230,2024-03-09 00:00:00,S-004,ART-00007,-2,690.34,TRY,6.7,CUST-000369,Cloudy,"quantity must be positive, got -2",TRANSACTIONS_QUANTITY_NOT_POSITIVE
TXN-115484,2024-03-17 00:00:00,S-002,ART-00017,-4,378.73,TRY,0.0,CUST-000234,Rainy,"quantity must be positive, got -4",TRANSACTIONS_QUANTITY_NOT_POSITIVE
TXN-121170,2024-03-23 00:00:00,S-004,ART-00025,-1,3169.39,TRY,28.7,CUST-000909,Sunny,"quantity must be positive, got -1",TRANSACTIONS_QUANTITY_NOT_POSITIVE
TXN-109619,2024-03-10 00:00:00,S-005,ART-00021,-5,6852.64,TRY,0.0,,Hot,"quantity must be positive, got -5",TRANSACTIONS_QUANTITY_NOT_POSITIVE
TXN-100274,2024-03-01 00:00:00,S-002,ART-00021,-5,6536.32,TRY,12.4,CUST-000908,Humid,"quantity must be positive, got -5",TRANSACTIONS_QUANTITY_NOT_POSITIVE
TXN-114565,2024-03-16 00:00:00,S-003,ART-00087,-1,203.88,TRY,14.4,,Rainy,"quantity must be positive, got -1",TRANSACTIONS_QUANTITY_NOT_POSITIVE
TXN-121739,2024-03-24 00:00:00,S-002,ART-00023,-1,372.28,TRY,0.0,CUST-000360,Rainy,"quantity must be positive, got -1",TRANSACTIONS_QUANTITY_NOT_POSITIVE
TXN-100645,2024-03-01 00:00:00,S-005,ART-00011,-1,256.79,TRY,27.4,CUST-001309,Cold,"quantity must be positive, got -1",TRANSACTIONS_QUANTITY_NOT_POSITIVE
TXN-113155,2024-03-14 00:00:00,S-005,ART-00037,-1,319.89,TRY,0.0,CUST-000084,Rainy,"quantity must be positive, got -1",TRANSACTIONS_QUANTITY_NOT_POSITIVE
TXN-128389,2024-03-31 00:00:00,S-004,ART-00193,-1,2985.07,TRY,23.7,CUST-000707,Sunny,"quantity must be positive, got -1",TRANSACTIONS_QUANTITY_NOT_POSITIVE
TXN-113283,2024-03-15 00:00:00,S-001,ART-00029,-1,586.97,TRY,8.7,CUST-001056,Cold,"quantity must be positive, got -1",TRANSACTIONS_QUANTITY_NOT_POSITIVE
TXN-115534,2024-03-17 00:00:00,S-002,ART-00030,-2,2866.22,TRY,0.0,CUST-001096,Rainy,"quantity must be positive, got -2",TRANSACTIONS_QUANTITY_NOT_POSITIVE
TXN-102908,2024-03-03 00:00:00,S-005,ART-00012,-1,138.65,TRY,0.0,CUST-001392,Sunny,"quantity must be positive, got -1",TRANSACTIONS_QUANTITY_NOT_POSITIVE
TXN-120918,2024-03-23 00:00:00,S-002,ART-00009,-3,267.18,TRY,0.0,,Cloudy,"quantity must be positive, got -3",TRANSACTIONS_QUANTITY_NOT_POSITIVE
TXN-103639,2024-03-04 00:00:00,S-004,ART-00021,-2,6696.54,TRY,0.0,CUST-001338,Humid,"quantity must be positive, got -2",TRANSACTIONS_QUANTITY_NOT_POSITIVE
TXN-127166,2024-03-30 00:00:00,S-003,ART-00026,-2,805.5,TRY,0.0,CUST-000330,Rainy,"quantity must be positive, got -2",TRANSACTIONS_QUANTITY_NOT_POSITIVE
TXN-127638,2024-03-30 00:00:00,S-005,ART-00190,-2,3778.46,TRY,0.0,CUST-001193,Sunny,"quantity must be positive, got -2",TRANSACTIONS_QUANTITY_NOT_POSITIVE
TXN-111009,2024-03-12 00:00:00,S-003,ART-00038,-2,1086.5,TRY,0.0,CUST-000652,Cloudy,"quantity must be positive, got -2",TRANSACTIONS_QUANTITY_NOT_POSITIVE
TXN-124337,2024-03-27 00:00:00,S-001,ART-00187,-1,1664.88,TRY,0.0,CUST-000614,Cold,"quantity must be positive, got -1",TRANSACTIONS_QUANTITY_NOT_POSITIVE
TXN-112415,2024-03-14 00:00:00,S-001,ART-00014,-1,562.96,TRY,0.0,CUST-001099,Hot,"quantity must be positive, got -1",TRANSACTIONS_QUANTITY_NOT_POSITIVE
TXN-125692,2024-03-29 00:00:00,S-001,ART-00005,-1,534.41,TRY,0.0,CUST-001131,Hot,"quantity must be positive, got -1",TRANSACTIONS_QUANTITY_NOT_POSITIVE
TXN-108961,2024-03-10 00:00:00,S-002,ART-00006,-2,318.72,TRY,0.0,CUST-000294,Hot,"quantity must be positive, got -2",TRANSACTIONS_QUANTITY_NOT_POSITIVE
TXN-123467,2024-03-25 00:00:00,S-005,ART-00015,-1,497.04,TRY,0.0,CUST-000626,Cloudy,"quantity must be positive, got -1",TRANSACTIONS_QUANTITY_NOT_POSITIVE
TXN-125304,2024-03-28 00:00:00,S-003,ART-00010,-1,303.98,TRY,0.0,CUST-000643,Sunny,"quantity must be positive, got -1",TRANSACTIONS_QUANTITY_NOT_POSITIVE
TXN-100289,2024-03-01 00:00:00,S-002,ART-00023,-1,379.37,TRY,0.0,CUST-001264,Cloudy,"quantity must be positive, got -1",TRANSACTIONS_QUANTITY_NOT_POSITIVE
TXN-109330,2024-03-10 00:00:00,S-004,ART-00165,-2,88.72,TRY,7.0,CUST-001461,Cold,"quantity must be positive, got -2",TRANSACTIONS_QUANTITY_NOT_POSITIVE
TXN-106690,2024-03-08 00:00:00,S-002,ART-00022,-1,522.46,TRY,0.0,CUST-001040,Cold,"quantity must be positive, got -1",TRANSACTIONS_QUANTITY_NOT_POSITIVE
TXN-123788,2024-03-26 00:00:00,S-002,ART-00037,-2,312.64,TRY,0.0,,Sunny,"quantity must be positive, got -2",TRANSACTIONS_QUANTITY_NOT_POSITIVE
TXN-112891,2024-03-14 00:00:00,S-003,ART-00117,-1,527.26,TRY,18.0,CUST-000411,Sunny,"quantity must be positive, got -1",TRANSACTIONS_QUANTITY_NOT_POSITIVE
TXN-118497,2024-03-20 00:00:00,S-003,ART-00007,-1,684.87,TRY,24.7,CUST-000669,Sunny,"quantity must be positive, got -1",TRANSACTIONS_QUANTITY_NOT_POSITIVE
TXN-115833,2024-03-17 00:00:00,S-003,ART-00001,-3,4462.73,TRY,10.2,CUST-000384,Rainy,"quantity must be positive, got -3",TRANSACTIONS_QUANTITY_NOT_POSITIVE
TXN-110195,2024-03-11 00:00:00,S-003,ART-00012,-2,143.78,TRY,11.1,CUST-001342,Sunny,"quantity must be positive, got -2",TRANSACTIONS_QUANTITY_NOT_POSITIVE
TXN-111814,2024-03-13 00:00:00,S-003,ART-00013,-1,507.05,TRY,0.0,,Cloudy,"quantity must be positive, got -1",TRANSACTIONS_QUANTITY_NOT_POSITIVE
TXN-128382,2024-03-31 00:00:00,S-004,ART-00022,-1,548.69,TRY,11.6,CUST-000446,Rainy,"quantity must be positive, got -1",TRANSACTIONS_QUANTITY_NOT_POSITIVE
TXN-111741,2024-03-13 00:00:00,S-002,ART-00026,-1,822.77,TRY,0.0,CUST-000284,Rainy,"quantity must be positive, got -1",TRANSACTIONS_QUANTITY_NOT_POSITIVE
TXN-114128,2024-03-16 00:00:00,S-001,ART-00107,-2,810.22,TRY,0.0,CUST-000466,Cold,"quantity must be positive, got -2",TRANSACTIONS_QUANTITY_NOT_POSITIVE
TXN-125641,2024-03-28 00:00:00,S-005,ART-00105,-1,258.07,TRY,0.0,CUST-000210,Cold,"quantity must be positive, got -1",TRANSACTIONS_QUANTITY_NOT_POSITIVE
TXN-123125,2024-03-25 00:00:00,S-003,ART-00011,-1,249.43,TRY,0.0,CUST-001170,Rainy,"quantity must be positive, got -1",TRANSACTIONS_QUANTITY_NOT_POSITIVE
TXN-118462,2024-03-20 00:00:00,S-003,ART-00011,-1,243.3,TRY,12.4,CUST-000886,Cold,"quantity must be positive, got -1",TRANSACTIONS_QUANTITY_NOT_POSITIVE
TXN-113967,2024-03-15 00:00:00,S-005,ART-00028,-3,106.01,TRY,6.2,CUST-000937,Cold,"quantity must be positive, got -3",TRANSACTIONS_QUANTITY_NOT_POSITIVE
TXN-123721,2024-03-26 00:00:00,S-002,ART-00006,-2,320.04,TRY,7.0,CUST-000614,Hot,"quantity must be positive, got -2",TRANSACTIONS_QUANTITY_NOT_POSITIVE
TXN-121271,2024-03-23 00:00:00,S-004,ART-00025,-1,3434.23,TRY,7.2,CUST-000463,Cold,"quantity must be positive, got -1",TRANSACTIONS_QUANTITY_NOT_POSITIVE
TXN-117367,2024-03-19 00:00:00,S-002,ART-00003,-5,307.66,TRY,0.0,CUST-000106,Humid,"quantity must be positive, got -5",TRANSACTIONS_QUANTITY_NOT_POSITIVE
TXN-123580,2024-03-26 00:00:00,S-001,ART-00040,-2,4990.43,TRY,14.9,,Hot,"quantity must be positive, got -2",TRANSACTIONS_QUANTITY_NOT_POSITIVE
TXN-121675,2024-03-24 00:00:00,S-002,ART-00008,-1,325.1,TRY,0.0,CUST-001284,Humid,"quantity must be positive, got -1",TRANSACTIONS_QUANTITY_NOT_POSITIVE
TXN-125780,2024-03-29 00:00:00,S-001,ART-00021,-1,6841.18,TRY,10.0,CUST-000851,Humid,"quantity must be positive, got -1",TRANSACTIONS_QUANTITY_NOT_POSITIVE
TXN-120487,2024-03-22 00:00:00,S-005,ART-00016,-1,299.49,TRY,0.0,CUST-001282,Cloudy,"quantity must be positive, got -1",TRANSACTIONS_QUANTITY_NOT_POSITIVE
TXN-103264,2024-03-04 00:00:00,S-002,ART-00081,-1,723.83,TRY,9.2,CUST-000239,Sunny,"quantity must be positive, got -1",TRANSACTIONS_QUANTITY_NOT_POSITIVE
TXN-113934,2024-03-15 00:00:00,S-005,ART-00136,-1,256.91,TRY,0.0,CUST-000080,Rainy,"quantity must be positive, got -1",TRANSACTIONS_QUANTITY_NOT_POSITIVE
TXN-109403,2024-03-10 00:00:00,S-004,ART-00033,-1,347.83,TRY,14.8,CUST-001397,Sunny,"quantity must be positive, got -1",TRANSACTIONS_QUANTITY_NOT_POSITIVE
TXN-100937,2024-03-02 00:00:00,S-001,ART-00002,-1,307.0,TRY,0.0,CUST-000259,Sunny,"quantity must be positive, got -1",TRANSACTIONS_QUANTITY_NOT_POSITIVE
TXN-115364,2024-03-17 00:00:00,S-002,ART-00012,-1,140.72,TRY,0.0,,Cloudy,"quantity must be positive, got -1",TRANSACTIONS_QUANTITY_NOT_POSITIVE
TXN-125965,2024-03-29 00:00:00,S-002,ART-00003,-4,326.83,TRY,0.0,CUST-001321,Humid,"quantity must be positive, got -4",TRANSACTIONS_QUANTITY_NOT_POSITIVE
TXN-116638,2024-03-18 00:00:00,S-002,ART-00131,-1,309.85,TRY,0.0,CUST-001244,Sunny,"quantity must be positive, got -1",TRANSACTIONS_QUANTITY_NOT_POSITIVE
TXN-121923,2024-03-24 00:00:00,S-003,ART-00039,-2,707.82,TRY,0.0,CUST-001072,Cloudy,"quantity must be positive, got -2",TRANSACTIONS_QUANTITY_NOT_POSITIVE
TXN-108677,2024-03-10 00:00:00,S-001,ART-00043,-3,3397.96,TRY,0.0,CUST-000397,Cold,"quantity must be positive, got -3",TRANSACTIONS_QUANTITY_NOT_POSITIVE
TXN-112860,2024-03-14 00:00:00,S-003,ART-00193,-1,3012.01,TRY,29.7,CUST-000645,Cold,"quantity must be positive, got -1",TRANSACTIONS_QUANTITY_NOT_POSITIVE
TXN-119939,2024-03-22 00:00:00,S-002,ART-00028,-3,102.66,TRY,0.0,CUST-000977,Hot,"quantity must be positive, got -3",TRANSACTIONS_QUANTITY_NOT_POSITIVE
TXN-120669,2024-03-23 00:00:00,S-001,ART-00141,-3,566.09,TRY,30.9,CUST-000084,Hot,"quantity must be positive, got -3",TRANSACTIONS_QUANTITY_NOT_POSITIVE
TXN-104149,2024-03-05 00:00:00,S-002,ART-00066,-2,3741.97,TRY,0.0,CUST-001376,Rainy,"quantity must be positive, got -2",TRANSACTIONS_QUANTITY_NOT_POSITIVE
TXN-113890,2024-03-15 00:00:00,S-004,ART-00187,-1,1651.69,TRY,0.0,CUST-000786,Sunny,"quantity must be positive, got -1",TRANSACTIONS_QUANTITY_NOT_POSITIVE
TXN-121286,2024-03-23 00:00:00,S-004,ART-00164,-4,422.68,TRY,26.7,,Rainy,"quantity must be positive, got -4",TRANSACTIONS_QUANTITY_NOT_POSITIVE
TXN-109007,2024-03-10 00:00:00,S-002,ART-00005,-1,531.34,TRY,0.0,CUST-000124,Humid,"quantity must be positive, got -1",TRANSACTIONS_QUANTITY_NOT_POSITIVE
TXN-100897,2024-03-02 00:00:00,S-001,ART-00026,-2,819.54,TRY,29.6,CUST-000539,Hot,"quantity must be positive, got -2",TRANSACTIONS_QUANTITY_NOT_POSITIVE
TXN-128448,2024-03-31 00:00:00,S-004,ART-00167,-5,725.23,TRY,0.0,CUST-000337,Humid,"quantity must be positive, got -5",TRANSACTIONS_QUANTITY_NOT_POSITIVE
TXN-108478,2024-03-09 00:00:00,S-005,ART-00027,-1,1216.91,TRY,0.0,CUST-000858,Humid,"quantity must be positive, got -1",TRANSACTIONS_QUANTITY_NOT_POSITIVE
TXN-121571,2024-03-24 00:00:00,S-001,ART-00073,-1,799.16,TRY,0.0,CUST-001087,Cold,"quantity must be positive, got -1",TRANSACTIONS_QUANTITY_NOT_POSITIVE
TXN-127976,2024-03-31 00:00:00,S-002,ART-00007,-1,725.47,TRY,0.0,CUST-001376,Rainy,"quantity must be positive, got -1",TRANSACTIONS_QUANTITY_NOT_POSITIVE
TXN-103426,2024-03-04 00:00:00,S-002,ART-00029,-3,566.71,TRY,0.0,CUST-000855,Rainy,"quantity must be positive, got -3",TRANSACTIONS_QUANTITY_NOT_POSITIVE
TXN-115826,2024-03-17 00:00:00,S-003,ART-00144,-1,2244.95,TRY,0.0,CUST-000818,Cold,"quantity must be positive, got -1",TRANSACTIONS_QUANTITY_NOT_POSITIVE
TXN-116440,2024-03-18 00:00:00,S-001,ART-00019,-1,428.3,TRY,0.0,CUST-001222,Cloudy,"quantity must be positive, got -1",TRANSACTIONS_QUANTITY_NOT_POSITIVE
TXN-108189,2024-03-09 00:00:00,S-004,ART-00005,-2,506.91,TRY,0.0,CUST-000783,Humid,"quantity must be positive, got -2",TRANSACTIONS_QUANTITY_NOT_POSITIVE
TXN-117408,2024-03-19 00:00:00,S-002,ART-00009,-2,264.95,TRY,0.0,CUST-001388,Sunny,"quantity must be positive, got -2",TRANSACTIONS_QUANTITY_NOT_POSITIVE
TXN-112161,2024-03-13 00:00:00,S-004,ART-00014,-2,541.02,TRY,16.6,CUST-000271,Rainy,"quantity must be positive, got -2",TRANSACTIONS_QUANTITY_NOT_POSITIVE
TXN-104794,2024-03-06 00:00:00,S-001,ART-00178,-1,442.74,TRY,7.4,CUST-000818,Sunny,"quantity must be positive, got -1",TRANSACTIONS_QUANTITY_NOT_POSITIVE
TXN-112296,2024-03-13 00:00:00,S-005,ART-00081,-2,720.66,TRY,0.0,CUST-000592,Cold,"quantity must be positive, got -2",TRANSACTIONS_QUANTITY_NOT_POSITIVE
TXN-115551,2024-03-17 00:00:00,S-002,ART-00011,-2,240.79,TRY,0.0,CUST-000337,Rainy,"quantity must be positive, got -2",TRANSACTIONS_QUANTITY_NOT_POSITIVE
TXN-128671,2024-03-31 00:00:00,S-005,ART-00035,-1,667.33,TRY,0.0,CUST-001474,Sunny,"quantity must be positive, got -1",TRANSACTIONS_QUANTITY_NOT_POSITIVE
TXN-126309,2024-03-29 00:00:00,S-004,ART-00023,-1,368.63,TRY,0.0,CUST-000725,Cold,"quantity must be positive, got -1",TRANSACTIONS_QUANTITY_NOT_POSITIVE
TXN-109933,2024-03-11 00:00:00,S-002,ART-00024,-1,534.58,TRY,11.7,CUST-001202,Sunny,"quantity must be positive, got -1",TRANSACTIONS_QUANTITY_NOT_POSITIVE
TXN-112660,2024-03-14 00:00:00,S-002,ART-00001,-3,4722.16,TRY,0.0,CUST-000089,Hot,"quantity must be positive, got -3",TRANSACTIONS_QUANTITY_NOT_POSITIVE
TXN-103223,2024-03-04 00:00:00,S-002,ART-00020,-2,2738.85,TRY,0.0,CUST-000340,Humid,"quantity must be positive, got -2",TRANSACTIONS_QUANTITY_NOT_POSITIVE
TXN-109264,2024-03-10 00:00:00,S-004,ART-00038,-1,1179.62,TRY,0.0,CUST-001003,Hot,"quantity must be positive, got -1",TRANSACTIONS_QUANTITY_NOT_POSITIVE
TXN-102360,2024-03-03 00:00:00,S-003,ART-00006,-1,347.03,TRY,7.1,CUST-001467,Rainy,"quantity must be positive, got -1",TRANSACTIONS_QUANTITY_NOT_POSITIVE
TXN-100477,2024-03-01 00:00:00,S-004,ART-00042,-1,136.45,TRY,0.0,CUST-000872,Humid,"quantity must be positive, got -1",TRANSACTIONS_QUANTITY_NOT_POSITIVE
TXN-111913,2024-03-13 00:00:00,S-003,ART-00023,-1,376.58,TRY,31.5,CUST-001273,Sunny,"quantity must be positive, got -1",TRANSACTIONS_QUANTITY_NOT_POSITIVE
TXN-103538,2024-03-04 00:00:00,S-003,ART-00034,-2,369.5,TRY,0.0,CUST-001393,Rainy,"quantity must be positive, got -2",TRANSACTIONS_QUANTITY_NOT_POSITIVE
TXN-118830,2024-03-20 00:00:00,S-005,ART-00038,-1,1157.92,TRY,0.0,,Cloudy,"quantity must be positive, got -1",TRANSACTIONS_QUANTITY_NOT_POSITIVE
TXN-120454,2024-03-22 00:00:00,S-005,ART-00038,-3,1097.74,TRY,0.0,CUST-000757,Rainy,"quantity must be positive, got -3",TRANSACTIONS_QUANTITY_NOT_POSITIVE
TXN-109808,2024-03-11 00:00:00,S-001,ART-00013,-5,522.59,TRY,0.0,CUST-000017,Humid,"quantity must be positive, got -5",TRANSACTIONS_QUANTITY_NOT_POSITIVE
TXN-101581,2024-03-02 00:00:00,S-004,ART-00117,-1,506.26,TRY,0.0,CUST-000910,Hot,"quantity must be positive, got -1",TRANSACTIONS_QUANTITY_NOT_POSITIVE
TXN-118576,2024-03-20 00:00:00,S-003,ART-00008,-2,326.93,TRY,0.0,CUST-000294,Sunny,"quantity must be positive, got -2",TRANSACTIONS_QUANTITY_NOT_POSITIVE
TXN-102009,2024-03-03 00:00:00,S-001,ART-00001,-2,4725.18,TRY,0.0,CUST-000243,Humid,"quantity must be positive, got -2",TRANSACTIONS_QUANTITY_NOT_POSITIVE
TXN-103215,2024-03-04 00:00:00,S-002,ART-00018,-1,369.36,TRY,0.0,,Hot,"quantity must be positive, got -1",TRANSACTIONS_QUANTITY_NOT_POSITIVE
TXN-128080,2024-03-31 00:00:00,S-002,ART-00009,-3,256.87,TRY,0.0,CUST-000497,Sunny,"quantity must be positive, got -3",TRANSACTIONS_QUANTITY_NOT_POSITIVE
TXN-104372,2024-03-05 00:00:00,S-003,ART-00133,-1,3097.06,TRY,16.9,CUST-000777,Hot,"quantity must be positive, got -1",TRANSACTIONS_QUANTITY_NOT_POSITIVE
TXN-117004,2024-03-18 00:00:00,S-004,ART-00005,-1,541.33,TRY,11.6,,Cloudy,"quantity must be positive, got -1",TRANSACTIONS_QUANTITY_NOT_POSITIVE
TXN-118958,2024-03-21 00:00:00,S-001,ART-00074,-1,861.57,TRY,17.6,CUST-001427,Rainy,"quantity must be positive, got -1",TRANSACTIONS_QUANTITY_NOT_POSITIVE
TXN-100829,2024-03-02 00:00:00,S-001,ART-00002,-2,302.25,TRY,0.0,CUST-000491,Cloudy,"quantity must be positive, got -2",TRANSACTIONS_QUANTITY_NOT_POSITIVE
TXN-120420,2024-03-22 00:00:00,S-004,ART-00085,-1,494.71,TRY,5.7,CUST-001015,Rainy,"quantity must be positive, got -1",TRANSACTIONS_QUANTITY_NOT_POSITIVE
TXN-117188,2024-03-18 00:00:00,S-005,ART-00125,-1,437.57,TRY,0.0,CUST-000898,Hot,"quantity must be positive, got -1",TRANSACTIONS_QUANTITY_NOT_POSITIVE
TXN-119636,2024-03-22 00:00:00,S-001,ART-00032,-1,453.72,TRY,12.1,,Sunny,"quantity must be positive, got -1",TRANSACTIONS_QUANTITY_NOT_POSITIVE
TXN-102271,2024-03-03 00:00:00,S-002,ART-00017,-4,360.48,TRY,0.0,CUST-000879,Humid,"quantity must be positive, got -4",TRANSACTIONS_QUANTITY_NOT_POSITIVE
TXN-110414,2024-03-11 00:00:00,S-004,ART-00019,-1,459.69,TRY,0.0,CUST-000184,Hot,"quantity must be positive, got -1",TRANSACTIONS_QUANTITY_NOT_POSITIVE
TXN-126426,2024-03-29 00:00:00,S-004,ART-00009,-1,264.44,TRY,7.1,CUST-001106,Sunny,"quantity must be positive, got -1",TRANSACTIONS_QUANTITY_NOT_POSITIVE
TXN-126983,2024-03-30 00:00:00,S-002,ART-00012,-1,143.38,TRY,0.0,CUST-000114,Hot,"quantity must be positive, got -1",TRANSACTIONS_QUANTITY_NOT_POSITIVE
TXN-111204,2024-03-12 00:00:00,S-004,ART-00037,-2,301.75,TRY,0.0,CUST-000896,Hot,"quantity must be positive, got -2",TRANSACTIONS_QUANTITY_NOT_POSITIVE
TXN-128473,2024-03-31 00:00:00,S-004,ART-00018,-1,380.7,TRY,0.0,CUST-000492,Cloudy,"quantity must be positive, got -1",TRANSACTIONS_QUANTITY_NOT_POSITIVE
TXN-103503,2024-03-04 00:00:00,S-003,ART-00026,-1,832.41,TRY,0.0,CUST-000092,Hot,"quantity must be positive, got -1",TRANSACTIONS_QUANTITY_NOT_POSITIVE
TXN-120680,2024-03-23 00:00:00,S-001,ART-00138,-1,3273.66,TRY,0.0,CUST-001153,Cold,"quantity must be positive, got -1",TRANSACTIONS_QUANTITY_NOT_POSITIVE
TXN-114881,2024-03-16 00:00:00,S-004,ART-00007,-1,700.03,TRY,0.0,CUST-001283,Sunny,"quantity must be positive, got -1",TRANSACTIONS_QUANTITY_NOT_POSITIVE
TXN-114014,2024-03-15 00:00:00,S-005,ART-00023,-3,374.92,TRY,31.7,CUST-000836,Cold,"quantity must be positive, got -3",TRANSACTIONS_QUANTITY_NOT_POSITIVE
TXN-126608,2024-03-29 00:00:00,S-005,ART-00002,-1,308.09,TRY,0.0,CUST-000203,Hot,"quantity must be positive, got -1",TRANSACTIONS_QUANTITY_NOT_POSITIVE
TXN-109126,2024-03-10 00:00:00,S-003,ART-00019,-3,457.46,TRY,21.6,CUST-001241,Rainy,"quantity must be positive, got -3",TRANSACTIONS_QUANTITY_NOT_POSITIVE
TXN-125278,2024-03-28 00:00:00,S-002,ART-00037,-1,324.61,TRY,34.2,CUST-000325,Sunny,"quantity must be positive, got -1",TRANSACTIONS_QUANTITY_NOT_POSITIVE
TXN-128110,2024-03-31 00:00:00,S-002,ART-00039,-2,771.43,TRY,0.0,CUST-001023,Humid,"quantity must be positive, got -2",TRANSACTIONS_QUANTITY_NOT_POSITIVE
TXN-126190,2024-03-29 00:00:00,S-003,ART-00004,-1,674.15,TRY,5.2,CUST-000273,Rainy,"quantity must be positive, got -1",TRANSACTIONS_QUANTITY_NOT_POSITIVE
TXN-112463,2024-03-14 00:00:00,S-001,ART-00012,-1,136.79,TRY,13.2,CUST-001026,Hot,"quantity must be positive, got -1",TRANSACTIONS_QUANTITY_NOT_POSITIVE
TXN-126531,2024-03-29 00:00:00,S-005,ART-00005,-3,497.43,TRY,10.6,CUST-001235,Humid,"quantity must be positive, got -3",TRANSACTIONS_QUANTITY_NOT_POSITIVE
TXN-107218,2024-03-08 00:00:00,S-004,ART-00031,-1,862.31,TRY,0.0,CUST-000139,Rainy,"quantity must be positive, got -1",TRANSACTIONS_QUANTITY_NOT_POSITIVE
TXN-110014,2024-03-11 00:00:00,S-002,ART-00086,-1,185.1,TRY,0.0,CUST-000664,Rainy,"quantity must be positive, got -1",TRANSACTIONS_QUANTITY_NOT_POSITIVE
TXN-111995,2024-03-13 00:00:00,S-004,ART-00012,-1,139.13,TRY,13.5,CUST-001283,Humid,"quantity must be positive, got -1",TRANSACTIONS_QUANTITY_NOT_POSITIVE
TXN-110133,2024-03-11 00:00:00,S-003,ART-00012,-3,142.51,TRY,0.0,CUST-001301,Cloudy,"quantity must be positive, got -3",TRANSACTIONS_QUANTITY_NOT_POSITIVE
TXN-110942,2024-03-12 00:00:00,S-002,ART-00002,-2,312.27,TRY,0.0,CUST-001119,Hot,"quantity must be positive, got -2",TRANSACTIONS_QUANTITY_NOT_POSITIVE
TXN-101927,2024-03-03 00:00:00,S-001,ART-00199,-1,51.74,TRY,22.5,CUST-001466,Rainy,"quantity must be positive, got -1",TRANSACTIONS_QUANTITY_NOT_POSITIVE
TXN-114657,2024-03-16 00:00:00,S-004,ART-00014,-2,523.65,TRY,13.9,CUST-001403,Cloudy,"quantity must be positive, got -2",TRANSACTIONS_QUANTITY_NOT_POSITIVE
TXN-118342,2024-03-20 00:00:00,S-002,ART-00038,-2,1145.4,TRY,7.8,CUST-001383,Sunny,"quantity must be positive, got -2",TRANSACTIONS_QUANTITY_NOT_POSITIVE
TXN-126174,2024-03-29 00:00:00,S-003,ART-00002,-2,322.09,TRY,13.5,CUST-001018,Humid,"quantity must be positive, got -2",TRANSACTIONS_QUANTITY_NOT_POSITIVE
TXN-118103,2024-03-19 00:00:00,S-005,ART-00034,-2,355.72,TRY,0.0,CUST-000937,Sunny,"quantity must be positive, got -2",TRANSACTIONS_QUANTITY_NOT_POSITIVE
TXN-108782,2024-03-10 00:00:00,S-002,ART-00022,-2,547.03,TRY,0.0,CUST-000233,Sunny,"quantity must be positive, got -2",TRANSACTIONS_QUANTITY_NOT_POSITIVE
TXN-110373,2024-03-11 00:00:00,S-004,ART-00007,-1,727.8,TRY,8.8,CUST-001379,Humid,"quantity must be positive, got -1",TRANSACTIONS_QUANTITY_NOT_POSITIVE
TXN-125474,2024-03-28 00:00:00,S-004,ART-00038,-1,1174.33,TRY,8.9,CUST-000460,Hot,"quantity must be positive, got -1",TRANSACTIONS_QUANTITY_NOT_POSITIVE
TXN-122035,2024-03-24 00:00:00,S-003,ART-00013,-2,523.64,TRY,0.0,CUST-000272,Cloudy,"quantity must be positive, got -2",TRANSACTIONS_QUANTITY_NOT_POSITIVE
TXN-119085,2024-03-21 00:00:00,S-002,ART-00004,-2,695.72,TRY,0.0,CUST-001299,Cloudy,"quantity must be positive, got -2",TRANSACTIONS_QUANTITY_NOT_POSITIVE
TXN-121661,2024-03-24 00:00:00,S-002,ART-00022,-1,541.24,TRY,0.0,CUST-001291,Sunny,"quantity must be positive, got -1",TRANSACTIONS_QUANTITY_NOT_POSITIVE
TXN-117506,2024-03-19 00:00:00,S-002,ART-00017,-1,373.64,TRY,6.1,CUST-000633,Hot,"quantity must be positive, got -1",TRANSACTIONS_QUANTITY_NOT_POSITIVE
TXN-100702,2024-03-01 00:00:00,S-005,ART-00156,-2,142.44,TRY,7.0,CUST-000393,Hot,"quantity must be positive, got -2",TRANSACTIONS_QUANTITY_NOT_POSITIVE
TXN-113877,2024-03-15 00:00:00,S-004,ART-00031,-4,864.12,TRY,0.0,CUST-000115,Humid,"quantity must be positive, got -4",TRANSACTIONS_QUANTITY_NOT_POSITIVE
TXN-108920,2024-03-10 00:00:00,S-002,ART-00028,-2,103.37,TRY,0.0,CUST-000824,Humid,"quantity must be positive, got -2",TRANSACTIONS_QUANTITY_NOT_POSITIVE
TXN-102617,2024-03-03 00:00:00,S-004,ART-00021,-2,6827.16,TRY,0.0,CUST-001383,Humid,"quantity must be positive, got -2",TRANSACTIONS_QUANTITY_NOT_POSITIVE
TXN-117036,2024-03-18 00:00:00,S-004,ART-00016,-1,298.46,TRY,0.0,CUST-001234,Cloudy,"quantity must be positive, got -1",TRANSACTIONS_QUANTITY_NOT_POSITIVE
TXN-125464,2024-03-28 00:00:00,S-004,ART-00032,-1,465.95,TRY,0.0,CUST-000621,Cold,"quantity must be positive, got -1",TRANSACTIONS_QUANTITY_NOT_POSITIVE
TXN-102609,2024-03-03 00:00:00,S-004,ART-00133,-5,3129.5,TRY,18.5,CUST-001087,Sunny,"quantity must be positive, got -5",TRANSACTIONS_QUANTITY_NOT_POSITIVE
TXN-111800,2024-03-13 00:00:00,S-003,ART-00022,-1,516.03,TRY,14.9,CUST-000836,Hot,"quantity must be positive, got -1",TRANSACTIONS_QUANTITY_NOT_POSITIVE
TXN-118710,2024-03-20 00:00:00,S-004,ART-00004,-1,679.59,TRY,0.0,CUST-001225,Rainy,"quantity must be positive, got -1",TRANSACTIONS_QUANTITY_NOT_POSITIVE
TXN-105820,2024-03-07 00:00:00,S-001,ART-00019,-1,434.28,TRY,17.1,CUST-000771,Rainy,"quantity must be positive, got -1",TRANSACTIONS_QUANTITY_NOT_POSITIVE
TXN-103081,2024-03-04 00:00:00,S-001,ART-00177,-1,492.92,TRY,0.0,CUST-000763,Sunny,"quantity must be positive, got -1",TRANSACTIONS_QUANTITY_NOT_POSITIVE
TXN-111326,2024-03-12 00:00:00,S-005,ART-00040,-5,4802.3,TRY,0.0,CUST-000020,Sunny,"quantity must be positive, got -5",TRANSACTIONS_QUANTITY_NOT_POSITIVE
TXN-109023,2024-03-10 00:00:00,S-002,ART-00015,-2,471.56,TRY,0.0,CUST-000415,Rainy,"quantity must be positive, got -2",TRANSACTIONS_QUANTITY_NOT_POSITIVE
TXN-111033,2024-03-12 00:00:00,S-003,ART-00012,-1,139.7,TRY,28.6,CUST-001489,Rainy,"quantity must be positive, got -1",TRANSACTIONS_QUANTITY_NOT_POSITIVE
TXN-126942,2024-03-30 00:00:00,S-002,ART-00146,-4,123.9,TRY,0.0,CUST-001275,Cloudy,"quantity must be positive, got -4",TRANSACTIONS_QUANTITY_NOT_POSITIVE
TXN-122757,2024-03-25 00:00:00,S-001,ART-00026,-2,789.61,TRY,14.8,CUST-001136,Sunny,"quantity must be positive, got -2",TRANSACTIONS_QUANTITY_NOT_POSITIVE
TXN-112345,2024-03-14 00:00:00,S-001,ART-00104,-2,3199.29,TRY,11.9,CUST-000566,Cloudy,"quantity must be positive, got -2",TRANSACTIONS_QUANTITY_NOT_POSITIVE
TXN-119705,2024-03-22 00:00:00,S-001,ART-00006,-4,347.93,TRY,0.0,CUST-000511,Cold,"quantity must be positive, got -4",TRANSACTIONS_QUANTITY_NOT_POSITIVE
TXN-124221,2024-03-26 00:00:00,S-005,ART-00184,-2,359.08,TRY,0.0,CUST-000700,Hot,"quantity must be positive, got -2",TRANSACTIONS_QUANTITY_NOT_POSITIVE
TXN-125528,2024-03-28 00:00:00,S-004,ART-00170,-1,3471.72,TRY,12.9,CUST-000325,Rainy,"quantity must be positive, got -1",TRANSACTIONS_QUANTITY_NOT_POSITIVE
TXN-124871,2024-03-27 00:00:00,S-005,ART-00017,-1,373.41,TRY,16.3,,Rainy,"quantity must be positive, got -1",TRANSACTIONS_QUANTITY_NOT_POSITIVE
TXN-110312,2024-03-11 00:00:00,S-004,ART-00021,-1,6682.74,TRY,0.0,CUST-001130,Cloudy,"quantity must be positive, got -1",TRANSACTIONS_QUANTITY_NOT_POSITIVE
TXN-120237,2024-03-22 00:00:00,S-004,ART-00040,-1,4813.65,TRY,26.1,CUST-000805,Humid,"quantity must be positive, got -1",TRANSACTIONS_QUANTITY_NOT_POSITIVE
TXN-113364,2024-03-15 00:00:00,S-002,ART-00004,-1,675.59,TRY,0.0,CUST-001375,Hot,"quantity must be positive, got -1",TRANSACTIONS_QUANTITY_NOT_POSITIVE
TXN-114096,2024-03-16 00:00:00,S-001,ART-00057,-1,294.44,TRY,0.0,CUST-000899,Rainy,"quantity must be positive, got -1",TRANSACTIONS_QUANTITY_NOT_POSITIVE
TXN-117763,2024-03-19 00:00:00,S-004,ART-00024,-1,519.96,TRY,0.0,CUST-000601,Hot,"quantity must be positive, got -1",TRANSACTIONS_QUANTITY_NOT_POSITIVE
TXN-123279,2024-03-25 00:00:00,S-004,ART-00026,-1,806.56,TRY,14.9,CUST-001405,Humid,"quantity must be positive, got -1",TRANSACTIONS_QUANTITY_NOT_POSITIVE
TXN-128009,2024-03-31 00:00:00,S-002,ART-00018,-3,387.6,TRY,0.0,CUST-000766,Cold,"quantity must be positive, got -3",TRANSACTIONS_QUANTITY_NOT_POSITIVE
TXN-103929,2024-03-04 00:00:00,S-005,ART-00002,-5,320.72,TRY,26.8,CUST-000870,Hot,"quantity must be positive, got -5",TRANSACTIONS_QUANTITY_NOT_POSITIVE
TXN-109200,2024-03-10 00:00:00,S-003,ART-00114,-2,495.53,TRY,0.0,CUST-000667,Humid,"quantity must be positive, got -2",TRANSACTIONS_QUANTITY_NOT_POSITIVE
TXN-124421,2024-03-27 00:00:00,S-002,ART-00011,-1,248.79,TRY,0.0,CUST-000960,Rainy,"quantity must be positive, got -1",TRANSACTIONS_QUANTITY_NOT_POSITIVE
TXN-113656,2024-03-15 00:00:00,S-003,ART-00013,-2,525.19,TRY,15.8,CUST-001279,Humid,"quantity must be positive, got -2",TRANSACTIONS_QUANTITY_NOT_POSITIVE
TXN-110134,2024-03-11 00:00:00,S-003,ART-00015,-1,466.88,TRY,38.4,CUST-000232,Rainy,"quantity must be positive, got -1",TRANSACTIONS_QUANTITY_NOT_POSITIVE
TXN-117823,2024-03-19 00:00:00,S-004,ART-00029,-1,608.29,TRY,0.0,CUST-000128,Hot,"quantity must be positive, got -1",TRANSACTIONS_QUANTITY_NOT_POSITIVE
TXN-122886,2024-03-25 00:00:00,S-002,ART-00140,-1,390.03,TRY,0.0,CUST-000145,Sunny,"quantity must be positive, got -1",TRANSACTIONS_QUANTITY_NOT_POSITIVE
TXN-120600,2024-03-23 00:00:00,S-001,ART-00006,-1,324.93,TRY,0.0,CUST-000347,Cold,"quantity must be positive, got -1",TRANSACTIONS_QUANTITY_NOT_POSITIVE
TXN-104476,2024-03-05 00:00:00,S-003,ART-00019,-1,436.98,TRY,0.0,CUST-000140,Cloudy,"quantity must be positive, got -1",TRANSACTIONS_QUANTITY_NOT_POSITIVE
TXN-110884,2024-03-12 00:00:00,S-002,ART-00021,-2,6960.11,TRY,0.0,CUST-000647,Cold,"quantity must be positive, got -2",TRANSACTIONS_QUANTITY_NOT_POSITIVE
TXN-100225,2024-03-01 00:00:00,S-002,ART-00032,-3,480.73,TRY,0.0,CUST-000908,Humid,"quantity must be positive, got -3",TRANSACTIONS_QUANTITY_NOT_POSITIVE
TXN-108828,2024-03-10 00:00:00,S-002,ART-00035,-1,668.21,TRY,0.0,CUST-000224,Hot,"quantity must be positive, got -1",TRANSACTIONS_QUANTITY_NOT_POSITIVE
TXN-112634,2024-03-14 00:00:00,S-002,ART-00014,-1,535.03,TRY,0.0,CUST-000110,Cold,"quantity must be positive, got -1",TRANSACTIONS_QUANTITY_NOT_POSITIVE
TXN-100587,2024-03-01 00:00:00,S-004,ART-00019,-2,427.22,TRY,0.0,CUST-001008,Hot,"quantity must be positive, got -2",TRANSACTIONS_QUANTITY_NOT_POSITIVE
TXN-115365,2024-03-17 00:00:00,S-002,ART-00040,-5,4871.13,TRY,0.0,CUST-001230,Sunny,"quantity must be positive, got -5",TRANSACTIONS_QUANTITY_NOT_POSITIVE
TXN-112865,2024-03-14 00:00:00,S-003,ART-00037,-1,321.36,TRY,0.0,CUST-000907,Hot,"quantity must be positive, got -1",TRANSACTIONS_QUANTITY_NOT_POSITIVE
TXN-124978,2024-03-28 00:00:00,S-001,ART-00028,-1,99.5,TRY,0.0,CUST-000403,Rainy,"quantity must be positive, got -1",TRANSACTIONS_QUANTITY_NOT_POSITIVE
TXN-117663,2024-03-19 00:00:00,S-003,ART-00008,-1,327.16,TRY,38.0,CUST-000606,Humid,"quantity must be positive, got -1",TRANSACTIONS_QUANTITY_NOT_POSITIVE
TXN-110135,2024-03-11 00:00:00,S-003,ART-00035,-1,693.15,TRY,0.0,CUST-001113,Cold,"quantity must be positive, got -1",TRANSACTIONS_QUANTITY_NOT_POSITIVE
TXN-121597,2024-03-24 00:00:00,S-002,ART-00001,-1,4721.46,TRY,12.0,CUST-000613,Sunny,"quantity must be positive, got -1",TRANSACTIONS_QUANTITY_NOT_POSITIVE
TXN-101200,2024-03-02 00:00:00,S-002,ART-00011,-4,246.99,TRY,0.0,,Sunny,"quantity must be positive, got -4",TRANSACTIONS_QUANTITY_NOT_POSITIVE
TXN-121788,2024-03-24 00:00:00,S-002,ART-00187,-1,1645.12,TRY,0.0,,Cloudy,"quantity must be positive, got -1",TRANSACTIONS_QUANTITY_NOT_POSITIVE
TXN-123950,2024-03-26 00:00:00,S-003,ART-00019,-2,448.21,TRY,0.0,CUST-000761,Cloudy,"quantity must be positive, got -2",TRANSACTIONS_QUANTITY_NOT_POSITIVE
TXN-123263,2024-03-25 00:00:00,S-004,ART-00010,-1,317.18,TRY,0.0,CUST-000802,Cloudy,"quantity must be positive, got -1",TRANSACTIONS_QUANTITY_NOT_POSITIVE
TXN-104488,2024-03-05 00:00:00,S-004,ART-00020,-1,2581.04,TRY,11.8,CUST-000911,Sunny,"quantity must be positive, got -1",TRANSACTIONS_QUANTITY_NOT_POSITIVE
TXN-104006,2024-03-04 00:00:00,S-005,ART-00006,-3,323.23,TRY,6.2,CUST-000490,Cold,"quantity must be positive, got -3",TRANSACTIONS_QUANTITY_NOT_POSITIVE
TXN-110095,2024-03-11 00:00:00,S-002,ART-00025,-3,3185.9,TRY,0.0,CUST-000604,Humid,"quantity must be positive, got -3",TRANSACTIONS_QUANTITY_NOT_POSITIVE
TXN-115334,2024-03-17 00:00:00,S-001,ART-00035,-1,678.23,TRY,0.0,CUST-001217,Sunny,"quantity must be positive, got -1",TRANSACTIONS_QUANTITY_NOT_POSITIVE
TXN-125771,2024-03-29 00:00:00,S-001,ART-00008,-3,331.14,TRY,0.0,CUST-001011,Hot,"quantity must be positive, got -3",TRANSACTIONS_QUANTITY_NOT_POSITIVE
TXN-126527,2024-03-29 00:00:00,S-005,ART-00024,-3,547.3,TRY,15.3,CUST-000686,Humid,"quantity must be positive, got -3",TRANSACTIONS_QUANTITY_NOT_POSITIVE
TXN-109060,2024-03-10 00:00:00,S-003,ART-00022,-1,519.39,TRY,7.6,CUST-000758,Hot,"quantity must be positive, got -1",TRANSACTIONS_QUANTITY_NOT_POSITIVE
TXN-106098,2024-03-07 00:00:00,S-003,ART-00037,-1,309.58,TRY,0.0,,Cold,"quantity must be positive, got -1",TRANSACTIONS_QUANTITY_NOT_POSITIVE
TXN-123402,2024-03-25 00:00:00,S-005,ART-00002,-3,317.63,TRY,0.0,CUST-000078,Hot,"quantity must be positive, got -3",TRANSACTIONS_QUANTITY_NOT_POSITIVE
TXN-101220,2024-03-02 00:00:00,S-002,ART-00040,-4,5280.08,TRY,0.0,CUST-000999,Rainy,"quantity must be positive, got -4",TRANSACTIONS_QUANTITY_NOT_POSITIVE
TXN-103594,2024-03-04 00:00:00,S-003,ART-00017,-2,374.75,TRY,0.0,CUST-000829,Humid,"quantity must be positive, got -2",TRANSACTIONS_QUANTITY_NOT_POSITIVE
TXN-124659,2024-03-27 00:00:00,S-003,ART-00025,-2,3251.87,TRY,0.0,,Cloudy,"quantity must be positive, got -2",TRANSACTIONS_QUANTITY_NOT_POSITIVE
TXN-106988,2024-03-08 00:00:00,S-003,ART-00025,-1,3273.2,TRY,0.0,CUST-000445,Rainy,"quantity must be positive, got -1",TRANSACTIONS_QUANTITY_NOT_POSITIVE
TXN-123160,2024-03-25 00:00:00,S-003,ART-00002,-2,305.09,TRY,0.0,CUST-000250,Cold,"quantity must be positive, got -2",TRANSACTIONS_QUANTITY_NOT_POSITIVE
TXN-121176,2024-03-23 00:00:00,S-004,ART-00098,-1,1079.74,TRY,0.0,CUST-000247,Humid,"quantity must be positive, got -1",TRANSACTIONS_QUANTITY_NOT_POSITIVE
TXN-124014,2024-03-26 00:00:00,S-004,ART-00148,-1,790.13,TRY,0.0,CUST-000384,Humid,"quantity must be positive, got -1",TRANSACTIONS_QUANTITY_NOT_POSITIVE
TXN-113050,2024-03-14 00:00:00,S-004,ART-00160,-1,171.42,TRY,0.0,CUST-000488,Rainy,"quantity must be positive, got -1",TRANSACTIONS_QUANTITY_NOT_POSITIVE
TXN-127987,2024-03-31 00:00:00,S-002,ART-00010,-3,318.26,TRY,19.7,CUST-001011,Cold,"quantity must be positive, got -3",TRANSACTIONS_QUANTITY_NOT_POSITIVE
TXN-119423,2024-03-21 00:00:00,S-004,ART-00092,-2,1985.9,TRY,0.0,,Cloudy,"quantity must be positive, got -2",TRANSACTIONS_QUANTITY_NOT_POSITIVE
TXN-109721,2024-03-10 00:00:00,S-005,ART-00003,-3,311.09,TRY,5.6,CUST-001440,Rainy,"quantity must be positive, got -3",TRANSACTIONS_QUANTITY_NOT_POSITIVE
TXN-120630,2024-03-23 00:00:00,S-001,ART-00093,-4,695.31,TRY,0.0,CUST-000244,Cloudy,"quantity must be positive, got -4",TRANSACTIONS_QUANTITY_NOT_POSITIVE
TXN-110323,2024-03-11 00:00:00,S-004,ART-00013,-1,513.21,TRY,0.0,CUST-000995,Hot,"quantity must be positive, got -1",TRANSACTIONS_QUANTITY_NOT_POSITIVE
TXN-122399,2024-03-24 00:00:00,S-004,ART-00049,-1,768.28,TRY,13.7,CUST-000229,Cloudy,"quantity must be positive, got -1",TRANSACTIONS_QUANTITY_NOT_POSITIVE
TXN-103804,2024-03-04 00:00:00,S-004,ART-00034,-1,358.91,TRY,0.0,CUST-001241,Rainy,"quantity must be positive, got -1",TRANSACTIONS_QUANTITY_NOT_POSITIVE
TXN-111154,2024-03-12 00:00:00,S-004,ART-00026,-1,785.87,TRY,0.0,,Cold,"quantity must be positive, got -1",TRANSACTIONS_QUANTITY_NOT_POSITIVE
TXN-107718,2024-03-09 00:00:00,S-002,ART-00010,-1,310.79,TRY,12.4,CUST-000795,Humid,"quantity must be positive, got -1",TRANSACTIONS_QUANTITY_NOT_POSITIVE
TXN-120330,2024-03-22 00:00:00,S-004,ART-00092,-2,1949.54,TRY,0.0,,Cloudy,"quantity must be positive, got -2",TRANSACTIONS_QUANTITY_NOT_POSITIVE
TXN-106316,2024-03-07 00:00:00,S-004,ART-00024,-1,514.08,TRY,0.0,CUST-001335,Cold,"quantity must be positive, got -1",TRANSACTIONS_QUANTITY_NOT_POSITIVE
TXN-101478,2024-03-02 00:00:00,S-004,ART-00002,-2,326.65,TRY,27.4,CUST-001311,Rainy,"quantity must be positive, got -2",TRANSACTIONS_QUANTITY_NOT_POSITIVE
TXN-113962,2024-03-15 00:00:00,S-005,ART-00038,-3,1129.34,TRY,0.0,CUST-000545,Cold,"quantity must be positive, got -3",TRANSACTIONS_QUANTITY_NOT_POSITIVE
TXN-114104,2024-03-16 00:00:00,S-001,ART-00007,-1,697.39,TRY,0.0,CUST-000267,Hot,"quantity must be positive, got -1",TRANSACTIONS_QUANTITY_NOT_POSITIVE
TXN-103539,2024-03-04 00:00:00,S-003,ART-00016,-1,313.87,TRY,0.0,CUST-001481,Hot,"quantity must be positive, got -1",TRANSACTIONS_QUANTITY_NOT_POSITIVE
TXN-101006,2024-03-02 00:00:00,S-002,ART-00012,-1,133.14,TRY,0.0,CUST-000563,Cold,"quantity must be positive, got -1",TRANSACTIONS_QUANTITY_NOT_POSITIVE
TXN-119940,2024-03-22 00:00:00,S-002,ART-00198,-4,314.35,TRY,0.0,CUST-001056,Hot,"quantity must be positive, got -4",TRANSACTIONS_QUANTITY_NOT_POSITIVE
TXN-105749,2024-03-07 00:00:00,S-001,ART-00089,-2,3289.78,TRY,0.0,,Sunny,"quantity must be positive, got -2",TRANSACTIONS_QUANTITY_NOT_POSITIVE
TXN-117278,2024-03-19 00:00:00,S-001,ART-00001,-2,4598.68,TRY,0.0,CUST-000698,Humid,"quantity must be positive, got -2",TRANSACTIONS_QUANTITY_NOT_POSITIVE
TXN-123103,2024-03-25 00:00:00,S-003,ART-00037,-2,301.71,TRY,35.9,CUST-000323,Humid,"quantity must be positive, got -2",TRANSACTIONS_QUANTITY_NOT_POSITIVE
TXN-105752,2024-03-07 00:00:00,S-001,ART-00017,-3,387.19,TRY,0.0,CUST-001207,Rainy,"quantity must be positive, got -3",TRANSACTIONS_QUANTITY_NOT_POSITIVE
TXN-101965,2024-03-03 00:00:00,S-001,ART-00077,-1,167.66,TRY,0.0,CUST-000185,Cloudy,"quantity must be positive, got -1",TRANSACTIONS_QUANTITY_NOT_POSITIVE
TXN-102453,2024-03-03 00:00:00,S-003,ART-00192,-1,5262.51,TRY,0.0,CUST-001139,Rainy,"quantity must be positive, got -1",TRANSACTIONS_QUANTITY_NOT_POSITIVE
TXN-128564,2024-03-31 00:00:00,S-005,ART-00109,-1,1370.13,TRY,26.0,CUST-001065,Rainy,"quantity must be positive, got -1",TRANSACTIONS_QUANTITY_NOT_POSITIVE
TXN-103681,2024-03-04 00:00:00,S-004,ART-00012,-1,136.2,TRY,0.0,CUST-000174,Humid,"quantity must be positive, got -1",TRANSACTIONS_QUANTITY_NOT_POSITIVE
TXN-104022,2024-03-04 00:00:00,S-005,ART-00087,-2,202.55,TRY,21.4,CUST-000757,Rainy,"quantity must be positive, got -2",TRANSACTIONS_QUANTITY_NOT_POSITIVE
TXN-101374,2024-03-02 00:00:00,S-003,ART-00048,-2,4730.67,TRY,9.2,CUST-001073,Hot,"quantity must be positive, got -2",TRANSACTIONS_QUANTITY_NOT_POSITIVE
TXN-125844,2024-03-29 00:00:00,S-002,ART-00019,-1,451.87,TRY,0.0,CUST-001038,Cloudy,"quantity must be positive, got -1",TRANSACTIONS_QUANTITY_NOT_POSITIVE
TXN-122823,2024-03-25 00:00:00,S-002,ART-00009,-4,243.04,TRY,0.0,CUST-000099,Rainy,"quantity must be positive, got -4",TRANSACTIONS_QUANTITY_NOT_POSITIVE
TXN-108946,2024-03-10 00:00:00,S-002,ART-00014,-1,564.7,TRY,0.0,CUST-000971,Humid,"quantity must be positive, got -1",TRANSACTIONS_QUANTITY_NOT_POSITIVE
TXN-125941,2024-03-29 00:00:00,S-002,ART-00002,-1,299.82,TRY,0.0,CUST-001499,Humid,"quantity must be positive, got -1",TRANSACTIONS_QUANTITY_NOT_POSITIVE
TXN-114619,2024-03-16 00:00:00,S-004,ART-00010,-1,295.07,TRY,28.1,CUST-000472,Cloudy,"quantity must be positive, got -1",TRANSACTIONS_QUANTITY_NOT_POSITIVE
TXN-107617,2024-03-09 00:00:00,S-002,ART-00007,-1,672.25,TRY,0.0,CUST-000997,Rainy,"quantity must be positive, got -1",TRANSACTIONS_QUANTITY_NOT_POSITIVE
TXN-126571,2024-03-29 00:00:00,S-005,ART-00049,-5,797.43,TRY,0.0,CUST-000307,Sunny,"quantity must be positive, got -5",TRANSACTIONS_QUANTITY_NOT_POSITIVE
TXN-115171,2024-03-16 00:00:00,S-005,ART-00017,-1,363.35,TRY,0.0,CUST-000138,Cloudy,"quantity must be positive, got -1",TRANSACTIONS_QUANTITY_NOT_POSITIVE
TXN-110288,2024-03-11 00:00:00,S-004,ART-00076,-2,778.76,TRY,0.0,,Rainy,"quantity must be positive, got -2",TRANSACTIONS_QUANTITY_NOT_POSITIVE
TXN-118217,2024-03-20 00:00:00,S-001,ART-00123,-1,502.89,TRY,6.1,CUST-001440,Hot,"quantity must be positive, got -1",TRANSACTIONS_QUANTITY_NOT_POSITIVE
TXN-118130,2024-03-20 00:00:00,S-001,ART-00020,-2,2567.52,TRY,0.0,CUST-001463,Rainy,"quantity must be positive, got -2",TRANSACTIONS_QUANTITY_NOT_POSITIVE
TXN-108421,2024-03-09 00:00:00,S-005,ART-00021,-3,6991.86,TRY,0.0,CUST-000188,Hot,"quantity must be positive, got -3",TRANSACTIONS_QUANTITY_NOT_POSITIVE
TXN-104919,2024-03-06 00:00:00,S-001,ART-00035,-2,657.65,TRY,0.0,CUST-000908,Humid,"quantity must be positive, got -2",TRANSACTIONS_QUANTITY_NOT_POSITIVE
TXN-104615,2024-03-05 00:00:00,S-004,ART-00002,-2,322.84,TRY,0.0,CUST-001472,Rainy,"quantity must be positive, got -2",TRANSACTIONS_QUANTITY_NOT_POSITIVE
TXN-121086,2024-03-23 00:00:00,S-003,ART-00006,-1,337.6,TRY,0.0,CUST-000176,Cold,"quantity must be positive, got -1",TRANSACTIONS_QUANTITY_NOT_POSITIVE
TXN-116516,2024-03-18 00:00:00,S-002,ART-00017,-1,381.43,TRY,0.0,CUST-000943,Humid,"quantity must be positive, got -1",TRANSACTIONS_QUANTITY_NOT_POSITIVE
TXN-128567,2024-03-31 00:00:00,S-005,ART-00124,-1,531.47,TRY,14.2,CUST-000661,Hot,"quantity must be positive, got -1",TRANSACTIONS_QUANTITY_NOT_POSITIVE
TXN-114982,2024-03-16 00:00:00,S-005,ART-00105,-1,265.5,TRY,0.0,CUST-000878,Hot,"quantity must be positive, got -1",TRANSACTIONS_QUANTITY_NOT_POSITIVE
TXN-116306,2024-03-17 00:00:00,S-005,ART-00014,-4,522.62,TRY,0.0,CUST-001308,Cold,"quantity must be positive, got -4",TRANSACTIONS_QUANTITY_NOT_POSITIVE
TXN-105538,2024-03-06 00:00:00,S-005,ART-00018,-1,392.66,TRY,10.2,CUST-001294,Rainy,"quantity must be positive, got -1",TRANSACTIONS_QUANTITY_NOT_POSITIVE
TXN-113849,2024-03-15 00:00:00,S-004,ART-00028,-1,102.1,TRY,0.0,CUST-000809,Cold,"quantity must be positive, got -1",TRANSACTIONS_QUANTITY_NOT_POSITIVE
TXN-119451,2024-03-21 00:00:00,S-004,ART-00030,-1,2898.27,TRY,0.0,CUST-000531,Hot,"quantity must be positive, got -1",TRANSACTIONS_QUANTITY_NOT_POSITIVE
TXN-127874,2024-03-31 00:00:00,S-001,ART-00016,-1,298.72,TRY,14.0,CUST-000065,Rainy,"quantity must be positive, got -1",TRANSACTIONS_QUANTITY_NOT_POSITIVE
TXN-118993,2024-03-21 00:00:00,S-001,ART-00136,-2,241.42,TRY,0.0,CUST-001073,Sunny,"quantity must be positive, got -2",TRANSACTIONS_QUANTITY_NOT_POSITIVE
TXN-126913,2024-03-30 00:00:00,S-002,ART-00009,-3,249.04,TRY,0.0,CUST-000506,Cold,"quantity must be positive, got -3",TRANSACTIONS_QUANTITY_NOT_POSITIVE
TXN-115721,2024-03-17 00:00:00,S-003,ART-00034,-1,367.26,TRY,0.0,CUST-000139,Cold,"quantity must be positive, got -1",TRANSACTIONS_QUANTITY_NOT_POSITIVE
TXN-106260,2024-03-07 00:00:00,S-004,ART-00021,-1,6594.72,TRY,0.0,CUST-001334,Sunny,"quantity must be positive, got -1",TRANSACTIONS_QUANTITY_NOT_POSITIVE
TXN-117352,2024-03-19 00:00:00,S-002,ART-00026,-2,782.75,TRY,0.0,CUST-000482,Hot,"quantity must be positive, got -2",TRANSACTIONS_QUANTITY_NOT_POSITIVE
TXN-116810,2024-03-18 00:00:00,S-003,ART-00037,-3,300.1,TRY,0.0,CUST-000992,Hot,"quantity must be positive, got -3",TRANSACTIONS_QUANTITY_NOT_POSITIVE
TXN-115506,2024-03-17 00:00:00,S-002,ART-00035,-2,649.73,TRY,0.0,CUST-000341,Sunny,"quantity must be positive, got -2",TRANSACTIONS_QUANTITY_NOT_POSITIVE
TXN-103038,2024-03-03 00:00:00,S-005,ART-00017,-2,365.3,TRY,18.8,CUST-000003,Sunny,"quantity must be positive, got -2",TRANSACTIONS_QUANTITY_NOT_POSITIVE
TXN-121555,2024-03-24 00:00:00,S-001,ART-00154,-1,2333.28,TRY,13.4,CUST-001111,Cloudy,"quantity must be positive, got -1",TRANSACTIONS_QUANTITY_NOT_POSITIVE
TXN-120166,2024-03-22 00:00:00,S-003,ART-00029,-1,594.66,TRY,8.8,CUST-000891,Hot,"quantity must be positive, got -1",TRANSACTIONS_QUANTITY_NOT_POSITIVE
TXN-113313,2024-03-15 00:00:00,S-002,ART-00029,-2,593.83,TRY,15.3,CUST-001451,Sunny,"quantity must be positive, got -2",TRANSACTIONS_QUANTITY_NOT_POSITIVE
TXN-107681,2024-03-09 00:00:00,S-002,ART-00006,-1,323.99,TRY,0.0,CUST-000927,Cloudy,"quantity must be positive, got -1",TRANSACTIONS_QUANTITY_NOT_POSITIVE
TXN-104064,2024-03-05 00:00:00,S-001,ART-00073,-1,776.77,TRY,0.0,,Sunny,"quantity must be positive, got -1",TRANSACTIONS_QUANTITY_NOT_POSITIVE
TXN-102439,2024-03-03 00:00:00,S-003,ART-00017,-1,374.89,TRY,0.0,,Sunny,"quantity must be positive, got -1",TRANSACTIONS_QUANTITY_NOT_POSITIVE
TXN-121443,2024-03-24 00:00:00,S-001,ART-00018,-5,377.38,TRY,0.0,CUST-001482,Rainy,"quantity must be positive, got -5",TRANSACTIONS_QUANTITY_NOT_POSITIVE
TXN-107458,2024-03-09 00:00:00,S-001,ART-00023,-2,369.22,TRY,0.0,CUST-000030,Hot,"quantity must be positive, got -2",TRANSACTIONS_QUANTITY_NOT_POSITIVE
TXN-101100,2024-03-02 00:00:00,S-002,ART-00015,-1,470.52,TRY,0.0,CUST-001274,Hot,"quantity must be positive, got -1",TRANSACTIONS_QUANTITY_NOT_POSITIVE
TXN-123037,2024-03-25 00:00:00,S-002,ART-00041,-2,74.55,TRY,0.0,CUST-000387,Humid,"quantity must be positive, got -2",TRANSACTIONS_QUANTITY_NOT_POSITIVE
TXN-118069,2024-03-19 00:00:00,S-005,ART-00072,-2,491.08,TRY,0.0,CUST-000832,Humid,"quantity must be positive, got -2",TRANSACTIONS_QUANTITY_NOT_POSITIVE
TXN-119673,2024-03-22 00:00:00,S-001,ART-00179,-2,2902.6,TRY,5.4,CUST-000443,Humid,"quantity must be positive, got -2",TRANSACTIONS_QUANTITY_NOT_POSITIVE
TXN-110992,2024-03-12 00:00:00,S-002,ART-00121,-5,437.92,TRY,0.0,CUST-000797,Humid,"quantity must be positive, got -5",TRANSACTIONS_QUANTITY_NOT_POSITIVE
TXN-103915,2024-03-04 00:00:00,S-005,ART-00024,-2,553.76,TRY,0.0,,Cloudy,"quantity must be positive, got -2",TRANSACTIONS_QUANTITY_NOT_POSITIVE
TXN-124914,2024-03-27 00:00:00,S-005,ART-00016,-1,314.88,TRY,13.7,CUST-000937,Hot,"quantity must be positive, got -1",TRANSACTIONS_QUANTITY_NOT_POSITIVE
TXN-104555,2024-03-05 00:00:00,S-004,ART-00013,-2,533.56,TRY,0.0,CUST-000338,Hot,"quantity must be positive, got -2",TRANSACTIONS_QUANTITY_NOT_POSITIVE
TXN-105762,2024-03-07 00:00:00,S-001,ART-00127,-1,642.03,TRY,25.5,CUST-000762,Humid,"quantity must be positive, got -1",TRANSACTIONS_QUANTITY_NOT_POSITIVE
TXN-107803,2024-03-09 00:00:00,S-002,ART-00017,-5,377.97,TRY,14.4,CUST-001106,Rainy,"quantity must be positive, got -5",TRANSACTIONS_QUANTITY_NOT_POSITIVE
TXN-115110,2024-03-16 00:00:00,S-005,ART-00128,-1,349.17,TRY,0.0,,Cold,"quantity must be positive, got -1",TRANSACTIONS_QUANTITY_NOT_POSITIVE
TXN-121354,2024-03-23 00:00:00,S-005,ART-00033,-1,355.79,TRY,0.0,CUST-000336,Cold,"quantity must be positive, got -1",TRANSACTIONS_QUANTITY_NOT_POSITIVE
TXN-117224,2024-03-19 00:00:00,S-001,ART-00021,-1,6661.11,TRY,14.1,CUST-000780,Rainy,"quantity must be positive, got -1",TRANSACTIONS_QUANTITY_NOT_POSITIVE
TXN-127974,2024-03-31 00:00:00,S-002,ART-00013,-1,533.81,TRY,6.4,CUST-001087,Sunny,"quantity must be positive, got -1",TRANSACTIONS_QUANTITY_NOT_POSITIVE
TXN-128466,2024-03-31 00:00:00,S-004,ART-00037,-2,327.57,TRY,0.0,CUST-000657,Sunny,"quantity must be positive, got -2",TRANSACTIONS_QUANTITY_NOT_POSITIVE
TXN-119771,2024-03-22 00:00:00,S-002,ART-00015,-1,465.28,TRY,0.0,CUST-001342,Rainy,"quantity must be positive, got -1",TRANSACTIONS_QUANTITY_NOT_POSITIVE
TXN-121790,2024-03-24 00:00:00,S-002,ART-00168,-1,5033.73,TRY,0.0,,Cloudy,"quantity must be positive, got -1",TRANSACTIONS_QUANTITY_NOT_POSITIVE
TXN-123843,2024-03-26 00:00:00,S-003,ART-00141,-2,590.43,TRY,0.0,CUST-000775,Hot,"quantity must be positive, got -2",TRANSACTIONS_QUANTITY_NOT_POSITIVE
TXN-106559,2024-03-08 00:00:00,S-001,ART-00029,-1,588.99,TRY,0.0,CUST-000790,Hot,"quantity must be positive, got -1",TRANSACTIONS_QUANTITY_NOT_POSITIVE
TXN-112006,2024-03-13 00:00:00,S-004,ART-00026,-1,837.85,TRY,0.0,CUST-001045,Humid,"quantity must be positive, got -1",TRANSACTIONS_QUANTITY_NOT_POSITIVE
TXN-111302,2024-03-12 00:00:00,S-004,ART-00028,-1,105.85,TRY,13.8,CUST-000028,Humid,"quantity must be positive, got -1",TRANSACTIONS_QUANTITY_NOT_POSITIVE
TXN-118281,2024-03-20 00:00:00,S-002,ART-00033,-1,373.86,TRY,6.7,CUST-000711,Cold,"quantity must be positive, got -1",TRANSACTIONS_QUANTITY_NOT_POSITIVE
TXN-110706,2024-03-12 00:00:00,S-001,ART-00003,-1,330.78,TRY,0.0,CUST-000858,Cloudy,"quantity must be positive, got -1",TRANSACTIONS_QUANTITY_NOT_POSITIVE
TXN-114868,2024-03-16 00:00:00,S-004,ART-00030,-2,3001.97,TRY,0.0,CUST-000183,Cloudy,"quantity must be positive, got -2",TRANSACTIONS_QUANTITY_NOT_POSITIVE
TXN-122215,2024-03-24 00:00:00,S-004,ART-00030,-1,3048.56,TRY,0.0,CUST-000248,Rainy,"quantity must be positive, got -1",TRANSACTIONS_QUANTITY_NOT_POSITIVE
TXN-107512,2024-03-09 00:00:00,S-002,ART-00004,-2,703.64,TRY,0.0,CUST-001194,Sunny,"quantity must be positive, got -2",TRANSACTIONS_QUANTITY_NOT_POSITIVE
TXN-121133,2024-03-23 00:00:00,S-004,ART-00032,-4,485.01,TRY,0.0,CUST-001099,Humid,"quantity must be positive, got -4",TRANSACTIONS_QUANTITY_NOT_POSITIVE
TXN-127348,2024-03-30 00:00:00,S-004,ART-00034,-2,368.76,TRY,0.0,CUST-001342,Cold,"quantity must be positive, got -2",TRANSACTIONS_QUANTITY_NOT_POSITIVE
TXN-108620,2024-03-10 00:00:00,S-001,ART-00034,-5,377.49,TRY,34.3,CUST-001052,Humid,"quantity must be positive, got -5",TRANSACTIONS_QUANTITY_NOT_POSITIVE
TXN-115498,2024-03-17 00:00:00,S-002,ART-00016,-1,296.69,TRY,0.0,CUST-000286,Rainy,"quantity must be positive, got -1",TRANSACTIONS_QUANTITY_NOT_POSITIVE
TXN-101485,2024-03-02 00:00:00,S-004,ART-00028,-2,103.37,TRY,0.0,CUST-000684,Cloudy,"quantity must be positive, got -2",TRANSACTIONS_QUANTITY_NOT_POSITIVE
TXN-101004,2024-03-02 00:00:00,S-002,ART-00003,-1,317.56,TRY,0.0,CUST-000517,Sunny,"quantity must be positive, got -1",TRANSACTIONS_QUANTITY_NOT_POSITIVE
TXN-118655,2024-03-20 00:00:00,S-004,ART-00024,-1,556.83,TRY,0.0,,Cloudy,"quantity must be positive, got -1",TRANSACTIONS_QUANTITY_NOT_POSITIVE
TXN-111025,2024-03-12 00:00:00,S-003,ART-00012,-2,136.79,TRY,0.0,CUST-001307,Cold,"quantity must be positive, got -2",TRANSACTIONS_QUANTITY_NOT_POSITIVE
TXN-116051,2024-03-17 00:00:00,S-004,ART-00032,-1,451.75,TRY,10.2,,Cloudy,"quantity must be positive, got -1",TRANSACTIONS_QUANTITY_NOT_POSITIVE
TXN-112926,2024-03-14 00:00:00,S-003,ART-00035,-1,669.38,TRY,0.0,CUST-001357,Cold,"quantity must be positive, got -1",TRANSACTIONS_QUANTITY_NOT_POSITIVE
TXN-124721,2024-03-27 00:00:00,S-004,ART-00038,-1,1189.63,TRY,38.8,,Cold,"quantity must be positive, got -1",TRANSACTIONS_QUANTITY_NOT_POSITIVE
TXN-106830,2024-03-08 00:00:00,S-002,ART-00023,-1,363.34,TRY,6.2,CUST-001234,Hot,"quantity must be positive, got -1",TRANSACTIONS_QUANTITY_NOT_POSITIVE
TXN-125543,2024-03-28 00:00:00,S-004,ART-00032,-1,471.98,TRY,10.5,CUST-000366,Cloudy,"quantity must be positive, got -1",TRANSACTIONS_QUANTITY_NOT_POSITIVE
TXN-126041,2024-03-29 00:00:00,S-002,ART-00010,-2,291.58,TRY,17.0,CUST-000288,Rainy,"quantity must be positive, got -2",TRANSACTIONS_QUANTITY_NOT_POSITIVE
TXN-104036,2024-03-05 00:00:00,S-001,ART-00023,-1,366.02,TRY,0.0,CUST-001087,Cold,"quantity must be positive, got -1",TRANSACTIONS_QUANTITY_NOT_POSITIVE
TXN-122087,2024-03-24 00:00:00,S-003,ART-00100,-1,2436.66,TRY,0.0,,Hot,"quantity must be positive, got -1",TRANSACTIONS_QUANTITY_NOT_POSITIVE
TXN-125645,2024-03-28 00:00:00,S-005,ART-00173,-1,1038.64,TRY,10.1,CUST-001051,Humid,"quantity must be positive, got -1",TRANSACTIONS_QUANTITY_NOT_POSITIVE
TXN-126136,2024-03-29 00:00:00,S-003,ART-00009,-1,259.38,TRY,0.0,CUST-001200,Rainy,"quantity must be positive, got -1",TRANSACTIONS_QUANTITY_NOT_POSITIVE
TXN-107177,2024-03-08 00:00:00,S-004,ART-00024,-1,556.65,TRY,7.3,CUST-001284,Humid,"quantity must be positive, got -1",TRANSACTIONS_QUANTITY_NOT_POSITIVE
TXN-125722,2024-03-29 00:00:00,S-001,ART-00004,-2,672.02,TRY,0.0,CUST-000421,Cloudy,"quantity must be positive, got -2",TRANSACTIONS_QUANTITY_NOT_POSITIVE
TXN-112212,2024-03-13 00:00:00,S-005,ART-00005,-3,521.25,TRY,0.0,CUST-000432,Hot,"quantity must be positive, got -3",TRANSACTIONS_QUANTITY_NOT_POSITIVE
TXN-121012,2024-03-23 00:00:00,S-003,ART-00129,-4,423.45,TRY,0.0,CUST-000889,Rainy,"quantity must be positive, got -4",TRANSACTIONS_QUANTITY_NOT_POSITIVE
TXN-104261,2024-03-05 00:00:00,S-002,ART-00129,-3,429.17,TRY,0.0,CUST-000232,Hot,"quantity must be positive, got -3",TRANSACTIONS_QUANTITY_NOT_POSITIVE
TXN-117968,2024-03-19 00:00:00,S-004,ART-00040,-3,5063.12,TRY,17.0,CUST-000038,Hot,"quantity must be positive, got -3",TRANSACTIONS_QUANTITY_NOT_POSITIVE
TXN-123035,2024-03-25 00:00:00,S-002,ART-00034,-3,360.1,TRY,0.0,CUST-000117,Cold,"quantity must be positive, got -3",TRANSACTIONS_QUANTITY_NOT_POSITIVE
TXN-110290,2024-03-11 00:00:00,S-004,ART-00032,-3,492.04,TRY,10.8,CUST-001122,Hot,"quantity must be positive, got -3",TRANSACTIONS_QUANTITY_NOT_POSITIVE
TXN-112916,2024-03-14 00:00:00,S-003,ART-00010,-1,297.56,TRY,0.0,CUST-000683,Sunny,"quantity must be positive, got -1",TRANSACTIONS_QUANTITY_NOT_POSITIVE
TXN-106197,2024-03-07 00:00:00,S-004,ART-00026,-2,805.16,TRY,7.8,CUST-001143,Hot,"quantity must be positive, got -2",TRANSACTIONS_QUANTITY_NOT_POSITIVE
TXN-115246,2024-03-17 00:00:00,S-001,ART-00126,-1,475.77,TRY,0.0,CUST-000500,Sunny,"quantity must be positive, got -1",TRANSACTIONS_QUANTITY_NOT_POSITIVE
TXN-102599,2024-03-03 00:00:00,S-004,ART-00013,-3,536.67,TRY,0.0,CUST-000069,Cold,"quantity must be positive, got -3",TRANSACTIONS_QUANTITY_NOT_POSITIVE
TXN-111894,2024-03-13 00:00:00,S-003,ART-00016,-2,301.36,TRY,0.0,CUST-000836,Humid,"quantity must be positive, got -2",TRANSACTIONS_QUANTITY_NOT_POSITIVE
TXN-102424,2024-03-03 00:00:00,S-003,ART-00026,-1,840.4,TRY,7.2,CUST-001177,Rainy,"quantity must be positive, got -1",TRANSACTIONS_QUANTITY_NOT_POSITIVE
TXN-117777,2024-03-19 00:00:00,S-004,ART-00033,-1,359.37,TRY,0.0,CUST-001000,Sunny,"quantity must be positive, got -1",TRANSACTIONS_QUANTITY_NOT_POSITIVE
TXN-107361,2024-03-08 00:00:00,S-005,ART-00027,-2,1277.96,TRY,0.0,CUST-001427,Hot,"quantity must be positive, got -2",TRANSACTIONS_QUANTITY_NOT_POSITIVE
TXN-120258,2024-03-22 00:00:00,S-004,ART-00026,-3,827.19,TRY,0.0,CUST-000757,Hot,"quantity must be positive, got -3",TRANSACTIONS_QUANTITY_NOT_POSITIVE
TXN-102559,2024-03-03 00:00:00,S-004,ART-00138,-2,3197.1,TRY,0.0,CUST-001007,Rainy,"quantity must be positive, got -2",TRANSACTIONS_QUANTITY_NOT_POSITIVE
TXN-114321,2024-03-16 00:00:00,S-002,ART-00022,-1,526.6,TRY,0.0,CUST-001339,Humid,"quantity must be positive, got -1",TRANSACTIONS_QUANTITY_NOT_POSITIVE
TXN-106413,2024-03-07 00:00:00,S-005,ART-00001,-4,4495.4,TRY,0.0,CUST-001279,Hot,"quantity must be positive, got -4",TRANSACTIONS_QUANTITY_NOT_POSITIVE
TXN-103189,2024-03-04 00:00:00,S-002,ART-00110,-1,3471.87,TRY,0.0,CUST-000445,Cloudy,"quantity must be positive, got -1",TRANSACTIONS_QUANTITY_NOT_POSITIVE
TXN-104163,2024-03-05 00:00:00,S-002,ART-00037,-1,320.23,TRY,0.0,CUST-000573,Cold,"quantity must be positive, got -1",TRANSACTIONS_QUANTITY_NOT_POSITIVE
TXN-125729,2024-03-29 00:00:00,S-001,ART-00027,-1,1319.97,TRY,0.0,CUST-000968,Humid,"quantity must be positive, got -1",TRANSACTIONS_QUANTITY_NOT_POSITIVE
TXN-110789,2024-03-12 00:00:00,S-001,ART-00011,-1,243.61,TRY,0.0,CUST-001110,Cold,"quantity must be positive, got -1",TRANSACTIONS_QUANTITY_NOT_POSITIVE
TXN-110548,2024-03-11 00:00:00,S-005,ART-00014,-1,549.46,TRY,0.0,CUST-000534,Cold,"quantity must be positive, got -1",TRANSACTIONS_QUANTITY_NOT_POSITIVE
TXN-100973,2024-03-02 00:00:00,S-002,ART-00002,-3,325.0,TRY,0.0,CUST-001264,Cloudy,"quantity must be positive, got -3",TRANSACTIONS_QUANTITY_NOT_POSITIVE
TXN-113338,2024-03-15 00:00:00,S-002,ART-00030,-1,3002.53,TRY,0.0,CUST-000215,Sunny,"quantity must be positive, got -1",TRANSACTIONS_QUANTITY_NOT_POSITIVE
TXN-114236,2024-03-16 00:00:00,S-002,ART-00036,-2,66.88,TRY,9.8,CUST-000078,Cloudy,"quantity must be positive, got -2",TRANSACTIONS_QUANTITY_NOT_POSITIVE
TXN-103805,2024-03-04 00:00:00,S-004,ART-00017,-1,370.95,TRY,9.2,,Rainy,"quantity must be positive, got -1",TRANSACTIONS_QUANTITY_NOT_POSITIVE
TXN-101670,2024-03-02 00:00:00,S-004,ART-00018,-2,387.46,TRY,0.0,CUST-001301,Cold,"quantity must be positive, got -2",TRANSACTIONS_QUANTITY_NOT_POSITIVE
TXN-119089,2024-03-21 00:00:00,S-002,ART-00033,-3,350.62,TRY,0.0,CUST-001367,Cloudy,"quantity must be positive, got -3",TRANSACTIONS_QUANTITY_NOT_POSITIVE
TXN-102553,2024-03-03 00:00:00,S-004,ART-00026,-2,806.48,TRY,0.0,CUST-001041,Rainy,"quantity must be positive, got -2",TRANSACTIONS_QUANTITY_NOT_POSITIVE
TXN-106946,2024-03-08 00:00:00,S-003,ART-00033,-1,367.57,TRY,26.6,CUST-000344,Sunny,"quantity must be positive, got -1",TRANSACTIONS_QUANTITY_NOT_POSITIVE
TXN-108852,2024-03-10 00:00:00,S-002,ART-00029,-1,579.35,TRY,0.0,CUST-001090,Cloudy,"quantity must be positive, got -1",TRANSACTIONS_QUANTITY_NOT_POSITIVE
TXN-109706,2024-03-10 00:00:00,S-005,ART-00006,-1,344.69,TRY,9.0,CUST-000069,Humid,"quantity must be positive, got -1",TRANSACTIONS_QUANTITY_NOT_POSITIVE
TXN-100589,2024-03-01 00:00:00,S-004,ART-00127,-1,648.65,TRY,0.0,CUST-000697,Cold,"quantity must be positive, got -1",TRANSACTIONS_QUANTITY_NOT_POSITIVE
TXN-112939,2024-03-14 00:00:00,S-004,ART-00028,-1,105.32,TRY,0.0,CUST-000297,Rainy,"quantity must be positive, got -1",TRANSACTIONS_QUANTITY_NOT_POSITIVE
TXN-114865,2024-03-16 00:00:00,S-004,ART-00016,-2,316.24,TRY,0.0,CUST-001372,Sunny,"quantity must be positive, got -2",TRANSACTIONS_QUANTITY_NOT_POSITIVE
TXN-122861,2024-03-25 00:00:00,S-002,ART-00017,-2,376.74,TRY,0.0,CUST-001120,Humid,"quantity must be positive, got -2",TRANSACTIONS_QUANTITY_NOT_POSITIVE
TXN-123223,2024-03-25 00:00:00,S-004,ART-00030,-2,3060.21,TRY,0.0,CUST-000116,Sunny,"quantity must be positive, got -2",TRANSACTIONS_QUANTITY_NOT_POSITIVE
TXN-120498,2024-03-22 00:00:00,S-005,ART-00014,-3,548.25,TRY,0.0,CUST-000530,Cloudy,"quantity must be positive, got -3",TRANSACTIONS_QUANTITY_NOT_POSITIVE
TXN-120908,2024-03-23 00:00:00,S-002,ART-00019,-3,426.3,TRY,12.0,CUST-000880,Humid,"quantity must be positive, got -3",TRANSACTIONS_QUANTITY_NOT_POSITIVE
TXN-127591,2024-03-30 00:00:00,S-005,ART-00169,-1,1928.86,TRY,0.0,,Sunny,"quantity must be positive, got -1",TRANSACTIONS_QUANTITY_NOT_POSITIVE
TXN-120605,2024-03-23 00:00:00,S-001,ART-00031,-3,908.54,TRY,0.0,CUST-000907,Rainy,"quantity must be positive, got -3",TRANSACTIONS_QUANTITY_NOT_POSITIVE
TXN-102103,2024-03-03 00:00:00,S-002,ART-00025,-3,3199.71,TRY,0.0,,Rainy,"quantity must be positive, got -3",TRANSACTIONS_QUANTITY_NOT_POSITIVE
TXN-127692,2024-03-30 00:00:00,S-005,ART-00170,-3,3669.22,TRY,10.1,CUST-001234,Humid,"quantity must be positive, got -3",TRANSACTIONS_QUANTITY_NOT_POSITIVE
TXN-127835,2024-03-31 00:00:00,S-001,ART-00151,-3,428.56,TRY,0.0,CUST-000767,Cloudy,"quantity must be positive, got -3",TRANSACTIONS_QUANTITY_NOT_POSITIVE
TXN-105370,2024-03-06 00:00:00,S-004,ART-00090,-1,332.7,TRY,0.0,CUST-001251,Sunny,"quantity must be positive, got -1",TRANSACTIONS_QUANTITY_NOT_POSITIVE
TXN-104234,2024-03-05 00:00:00,S-002,ART-00032,-3,481.84,TRY,0.0,CUST-000632,Sunny,"quantity must be positive, got -3",TRANSACTIONS_QUANTITY_NOT_POSITIVE
TXN-101474,2024-03-02 00:00:00,S-004,ART-00024,-1,551.2,TRY,0.0,CUST-000154,Sunny,"quantity must be positive, got -1",TRANSACTIONS_QUANTITY_NOT_POSITIVE
TXN-112124,2024-03-13 00:00:00,S-004,ART-00028,-4,101.19,TRY,0.0,CUST-001187,Humid,"quantity must be positive, got -4",TRANSACTIONS_QUANTITY_NOT_POSITIVE
TXN-111220,2024-03-12 00:00:00,S-004,ART-00137,-4,4013.81,TRY,0.0,CUST-001420,Humid,"quantity must be positive, got -4",TRANSACTIONS_QUANTITY_NOT_POSITIVE
TXN-104504,2024-03-05 00:00:00,S-004,ART-00039,-5,702.72,TRY,20.6,CUST-000578,Hot,"quantity must be positive, got -5",TRANSACTIONS_QUANTITY_NOT_POSITIVE
TXN-121230,2024-03-23 00:00:00,S-004,ART-00008,-1,335.34,TRY,0.0,CUST-000294,Humid,"quantity must be positive, got -1",TRANSACTIONS_QUANTITY_NOT_POSITIVE
TXN-125481,2024-03-28 00:00:00,S-004,ART-00023,-1,357.97,TRY,12.6,CUST-000423,Cloudy,"quantity must be positive, got -1",TRANSACTIONS_QUANTITY_NOT_POSITIVE
TXN-104093,2024-03-05 00:00:00,S-001,ART-00011,-1,256.85,TRY,0.0,CUST-000028,Cold,"quantity must be positive, got -1",TRANSACTIONS_QUANTITY_NOT_POSITIVE
TXN-102109,2024-03-03 00:00:00,S-002,ART-00030,-2,2882.16,TRY,0.0,CUST-000029,Hot,"quantity must be positive, got -2",TRANSACTIONS_QUANTITY_NOT_POSITIVE
TXN-125582,2024-03-28 00:00:00,S-005,ART-00157,-1,1087.84,TRY,13.5,CUST-000384,Hot,"quantity must be positive, got -1",TRANSACTIONS_QUANTITY_NOT_POSITIVE
TXN-113529,2024-03-15 00:00:00,S-002,ART-00027,-3,1258.61,TRY,0.0,CUST-000327,Humid,"quantity must be positive, got -3",TRANSACTIONS_QUANTITY_NOT_POSITIVE
TXN-116331,2024-03-17 00:00:00,S-005,ART-00012,-1,131.88,TRY,0.0,CUST-000565,Hot,"quantity must be positive, got -1",TRANSACTIONS_QUANTITY_NOT_POSITIVE
TXN-116183,2024-03-17 00:00:00,S-005,ART-00020,-3,2582.58,TRY,0.0,CUST-001201,Hot,"quantity must be positive, got -3",TRANSACTIONS_QUANTITY_NOT_POSITIVE
TXN-112121,2024-03-13 00:00:00,S-004,ART-00126,-1,482.24,TRY,0.0,CUST-001302,Cold,"quantity must be positive, got -1",TRANSACTIONS_QUANTITY_NOT_POSITIVE
TXN-123367,2024-03-25 00:00:00,S-004,ART-00013,-1,522.69,TRY,0.0,CUST-001144,Humid,"quantity must be positive, got -1",TRANSACTIONS_QUANTITY_NOT_POSITIVE
TXN-124114,2024-03-26 00:00:00,S-004,ART-00026,-2,822.99,TRY,37.7,,Hot,"quantity must be positive, got -2",TRANSACTIONS_QUANTITY_NOT_POSITIVE
TXN-126614,2024-03-29 00:00:00,S-099,ART-00010,-3,320.43,TRY,0.0,CUST-000091,Rainy,"quantity must be positive, got -3",TRANSACTIONS_QUANTITY_NOT_POSITIVE
TXN-110142,2024-03-11 00:00:00,S-003,ART-00028,-1,98.87,TRY,7.5,CUST-000772,Cloudy,"quantity must be positive, got -1",TRANSACTIONS_QUANTITY_NOT_POSITIVE
TXN-121240,2024-03-23 00:00:00,S-004,ART-00039,-1,708.42,TRY,0.0,CUST-001270,Rainy,"quantity must be positive, got -1",TRANSACTIONS_QUANTITY_NOT_POSITIVE
TXN-117609,2024-03-19 00:00:00,S-003,ART-00168,-2,4966.07,TRY,19.0,,Cold,"quantity must be positive, got -2",TRANSACTIONS_QUANTITY_NOT_POSITIVE
TXN-117258,2024-03-19 00:00:00,S-001,ART-00003,-3,325.0,TRY,16.0,,Humid,"quantity must be positive, got -3",TRANSACTIONS_QUANTITY_NOT_POSITIVE
TXN-103897,2024-03-04 00:00:00,S-005,ART-00016,-1,300.21,TRY,0.0,CUST-001333,Rainy,"quantity must be positive, got -1",TRANSACTIONS_QUANTITY_NOT_POSITIVE
TXN-112199,2024-03-13 00:00:00,S-005,ART-00083,-1,328.38,TRY,0.0,CUST-000531,Cold,"quantity must be positive, got -1",TRANSACTIONS_QUANTITY_NOT_POSITIVE
TXN-111385,2024-03-12 00:00:00,S-005,ART-00010,-2,303.2,TRY,0.0,CUST-000970,Hot,"quantity must be positive, got -2",TRANSACTIONS_QUANTITY_NOT_POSITIVE
TXN-117644,2024-03-19 00:00:00,S-003,ART-00030,-1,2847.93,TRY,0.0,CUST-000902,Humid,"quantity must be positive, got -1",TRANSACTIONS_QUANTITY_NOT_POSITIVE
TXN-120949,2024-03-23 00:00:00,S-002,ART-00025,-1,3473.51,TRY,0.0,,Rainy,"quantity must be positive, got -1",TRANSACTIONS_QUANTITY_NOT_POSITIVE
TXN-100213,2024-03-01 00:00:00,S-002,ART-00028,-1,98.31,TRY,0.0,CUST-001479,Humid,"quantity must be positive, got -1",TRANSACTIONS_QUANTITY_NOT_POSITIVE
TXN-116618,2024-03-18 00:00:00,S-002,ART-00175,-1,287.92,TRY,11.5,CUST-000767,Cold,"quantity must be positive, got -1",TRANSACTIONS_QUANTITY_NOT_POSITIVE
TXN-104382,2024-03-05 00:00:00,S-003,ART-00038,-4,1109.47,TRY,0.0,CUST-001050,Sunny,"quantity must be positive, got -4",TRANSACTIONS_QUANTITY_NOT_POSITIVE
TXN-105276,2024-03-06 00:00:00,S-003,ART-00003,-1,320.55,TRY,0.0,,Sunny,"quantity must be positive, got -1",TRANSACTIONS_QUANTITY_NOT_POSITIVE
TXN-100562,2024-03-01 00:00:00,S-004,ART-00028,-1,106.25,TRY,0.0,CUST-000642,Humid,"quantity must be positive, got -1",TRANSACTIONS_QUANTITY_NOT_POSITIVE
TXN-119292,2024-03-21 00:00:00,S-003,ART-00012,-1,131.83,TRY,13.2,CUST-000640,Cold,"quantity must be positive, got -1",TRANSACTIONS_QUANTITY_NOT_POSITIVE
TXN-121642,2024-03-24 00:00:00,S-002,ART-00030,-1,3073.86,TRY,0.0,CUST-000836,Humid,"quantity must be positive, got -1",TRANSACTIONS_QUANTITY_NOT_POSITIVE
TXN-101222,2024-03-02 00:00:00,S-002,ART-00036,-3,68.31,TRY,0.0,CUST-000263,Sunny,"quantity must be positive, got -3",TRANSACTIONS_QUANTITY_NOT_POSITIVE
TXN-105425,2024-03-06 00:00:00,S-004,ART-00120,-1,646.25,TRY,0.0,CUST-001236,Sunny,"quantity must be positive, got -1",TRANSACTIONS_QUANTITY_NOT_POSITIVE
TXN-117033,2024-03-18 00:00:00,S-004,ART-00024,-2,563.27,TRY,0.0,CUST-001196,Cloudy,"quantity must be positive, got -2",TRANSACTIONS_QUANTITY_NOT_POSITIVE
TXN-107028,2024-03-08 00:00:00,S-003,ART-00037,-4,302.74,TRY,38.8,,Humid,"quantity must be positive, got -4",TRANSACTIONS_QUANTITY_NOT_POSITIVE
TXN-113187,2024-03-14 00:00:00,S-005,ART-00021,-1,7090.78,TRY,0.0,CUST-000483,Sunny,"quantity must be positive, got -1",TRANSACTIONS_QUANTITY_NOT_POSITIVE
TXN-120791,2024-03-23 00:00:00,S-002,ART-00036,-2,63.19,TRY,0.0,,Rainy,"quantity must be positive, got -2",TRANSACTIONS_QUANTITY_NOT_POSITIVE
TXN-110304,2024-03-11 00:00:00,S-004,ART-00100,-3,2589.17,TRY,0.0,CUST-001117,Humid,"quantity must be positive, got -3",TRANSACTIONS_QUANTITY_NOT_POSITIVE
TXN-117398,2024-03-19 00:00:00,S-002,ART-00017,-1,382.27,TRY,0.0,CUST-001429,Hot,"quantity must be positive, got -1",TRANSACTIONS_QUANTITY_NOT_POSITIVE
TXN-117349,2024-03-19 00:00:00,S-002,ART-00020,-5,2607.21,TRY,15.9,CUST-000925,Cold,"quantity must be positive, got -5",TRANSACTIONS_QUANTITY_NOT_POSITIVE
TXN-117137,2024-03-18 00:00:00,S-005,ART-00021,-1,6770.67,TRY,0.0,CUST-000331,Humid,"quantity must be positive, got -1",TRANSACTIONS_QUANTITY_NOT_POSITIVE
TXN-109826,2024-03-11 00:00:00,S-001,ART-00033,-1,367.02,TRY,13.6,CUST-001419,Humid,"quantity must be positive, got -1",TRANSACTIONS_QUANTITY_NOT_POSITIVE
TXN-102074,2024-03-03 00:00:00,S-002,ART-00026,-3,792.14,TRY,0.0,,Sunny,"quantity must be positive, got -3",TRANSACTIONS_QUANTITY_NOT_POSITIVE
TXN-103933,2024-03-04 00:00:00,S-005,ART-00027,-1,1240.15,TRY,0.0,CUST-000142,Sunny,"quantity must be positive, got -1",TRANSACTIONS_QUANTITY_NOT_POSITIVE
TXN-116485,2024-03-18 00:00:00,S-001,ART-00028,-2,104.83,TRY,8.0,CUST-000895,Cold,"quantity must be positive, got -2",TRANSACTIONS_QUANTITY_NOT_POSITIVE
TXN-105492,2024-03-06 00:00:00,S-004,ART-00019,-1,457.61,TRY,0.0,CUST-001426,Hot,"quantity must be positive, got -1",TRANSACTIONS_QUANTITY_NOT_POSITIVE
TXN-125986,2024-03-29 00:00:00,S-002,ART-00016,-2,314.19,TRY,0.0,CUST-000411,Cloudy,"quantity must be positive, got -2",TRANSACTIONS_QUANTITY_NOT_POSITIVE
TXN-122996,2024-03-25 00:00:00,S-002,ART-00028,-4,106.38,TRY,9.7,CUST-000290,Cold,"quantity must be positive, got -4",TRANSACTIONS_QUANTITY_NOT_POSITIVE
TXN-112225,2024-03-13 00:00:00,S-005,ART-00014,-1,527.49,TRY,20.5,CUST-001206,Humid,"quantity must be positive, got -1",TRANSACTIONS_QUANTITY_NOT_POSITIVE
TXN-115168,2024-03-16 00:00:00,S-005,ART-00032,-1,495.39,TRY,36.3,CUST-000586,Sunny,"quantity must be positive, got -1",TRANSACTIONS_QUANTITY_NOT_POSITIVE
TXN-127820,2024-03-31 00:00:00,S-001,ART-00003,-3,329.68,TRY,13.7,CUST-000697,Cold,"quantity must be positive, got -3",TRANSACTIONS_QUANTITY_NOT_POSITIVE
TXN-104355,2024-03-05 00:00:00,S-003,ART-00174,-5,4941.21,TRY,0.0,CUST-000443,Sunny,"quantity must be positive, got -5",TRANSACTIONS_QUANTITY_NOT_POSITIVE
TXN-101037,2024-03-02 00:00:00,S-002,ART-00034,-1,359.63,TRY,0.0,CUST-000502,Cloudy,"quantity must be positive, got -1",TRANSACTIONS_QUANTITY_NOT_POSITIVE
TXN-104164,2024-03-05 00:00:00,S-002,ART-00013,-2,514.19,TRY,6.1,CUST-001133,Cloudy,"quantity must be positive, got -2",TRANSACTIONS_QUANTITY_NOT_POSITIVE
TXN-120757,2024-03-23 00:00:00,S-002,ART-00017,-1,380.73,TRY,0.0,CUST-001399,Rainy,"quantity must be positive, got -1",TRANSACTIONS_QUANTITY_NOT_POSITIVE
TXN-112154,2024-03-13 00:00:00,S-004,ART-00176,-3,521.71,TRY,0.0,CUST-000775,Cloudy,"quantity must be positive, got -3",TRANSACTIONS_QUANTITY_NOT_POSITIVE
TXN-114018,2024-03-15 00:00:00,S-005,ART-00006,-3,328.57,TRY,0.0,CUST-000227,Cold,"quantity must be positive, got -3",TRANSACTIONS_QUANTITY_NOT_POSITIVE
TXN-109258,2024-03-10 00:00:00,S-003,ART-00030,-2,2793.03,TRY,0.0,CUST-001039,Cloudy,"quantity must be positive, got -2",TRANSACTIONS_QUANTITY_NOT_POSITIVE
TXN-107368,2024-03-08 00:00:00,S-005,ART-00013,-1,518.29,TRY,0.0,CUST-000564,Rainy,"quantity must be positive, got -1",TRANSACTIONS_QUANTITY_NOT_POSITIVE
TXN-111469,2024-03-13 00:00:00,S-001,ART-00034,-3,354.4,TRY,0.0,,Cold,"quantity must be positive, got -3",TRANSACTIONS_QUANTITY_NOT_POSITIVE
TXN-122547,2024-03-24 00:00:00,S-005,ART-00031,-1,912.44,TRY,0.0,CUST-000155,Rainy,"quantity must be positive, got -1",TRANSACTIONS_QUANTITY_NOT_POSITIVE
TXN-103566,2024-03-04 00:00:00,S-003,ART-00008,-1,338.76,TRY,0.0,CUST-000784,Humid,"quantity must be positive, got -1",TRANSACTIONS_QUANTITY_NOT_POSITIVE
TXN-102119,2024-03-03 00:00:00,S-002,ART-00017,-2,360.12,TRY,0.0,CUST-000745,Sunny,"quantity must be positive, got -2",TRANSACTIONS_QUANTITY_NOT_POSITIVE
TXN-128327,2024-03-31 00:00:00,S-004,ART-00020,-1,2691.51,TRY,0.0,CUST-000563,Cold,"quantity must be positive, got -1",TRANSACTIONS_QUANTITY_NOT_POSITIVE
TXN-114895,2024-03-16 00:00:00,S-004,ART-00143,-2,534.79,TRY,0.0,CUST-000604,Cloudy,"quantity must be positive, got -2",TRANSACTIONS_QUANTITY_NOT_POSITIVE
TXN-127827,2024-03-31 00:00:00,S-001,ART-00035,-1,678.94,TRY,12.3,CUST-001206,Cold,"quantity must be positive, got -1",TRANSACTIONS_QUANTITY_NOT_POSITIVE
TXN-115512,2024-03-17 00:00:00,S-002,ART-00032,-2,479.81,TRY,0.0,,Sunny,"quantity must be positive, got -2",TRANSACTIONS_QUANTITY_NOT_POSITIVE
TXN-103085,2024-03-04 00:00:00,S-001,ART-00024,-1,512.66,TRY,0.0,CUST-000025,Sunny,"quantity must be positive, got -1",TRANSACTIONS_QUANTITY_NOT_POSITIVE
TXN-114623,2024-03-16 00:00:00,S-004,ART-00167,-1,713.51,TRY,0.0,CUST-000429,Humid,"quantity must be positive, got -1",TRANSACTIONS_QUANTITY_NOT_POSITIVE
TXN-109282,2024-03-10 00:00:00,S-004,ART-00029,-1,585.68,TRY,0.0,CUST-000361,Rainy,"quantity must be positive, got -1",TRANSACTIONS_QUANTITY_NOT_POSITIVE
TXN-107877,2024-03-09 00:00:00,S-003,ART-00021,-3,6742.36,TRY,0.0,CUST-001305,Rainy,"quantity must be positive, got -3",TRANSACTIONS_QUANTITY_NOT_POSITIVE
TXN-101690,2024-03-02 00:00:00,S-004,ART-00015,-1,456.63,TRY,0.0,CUST-000419,Cloudy,"quantity must be positive, got -1",TRANSACTIONS_QUANTITY_NOT_POSITIVE
TXN-101212,2024-03-02 00:00:00,S-002,ART-00081,-3,759.2,TRY,14.8,CUST-000812,Sunny,"quantity must be positive, got -3",TRANSACTIONS_QUANTITY_NOT_POSITIVE
TXN-108436,2024-03-09 00:00:00,S-005,ART-00019,-1,434.08,TRY,0.0,CUST-000073,Humid,"quantity must be positive, got -1",TRANSACTIONS_QUANTITY_NOT_POSITIVE
TXN-109270,2024-03-10 00:00:00,S-004,ART-00018,-1,400.07,TRY,0.0,CUST-000499,Cloudy,"quantity must be positive, got -1",TRANSACTIONS_QUANTITY_NOT_POSITIVE
TXN-120424,2024-03-22 00:00:00,S-004,ART-00022,-1,526.23,TRY,0.0,CUST-000216,Rainy,"quantity must be positive, got -1",TRANSACTIONS_QUANTITY_NOT_POSITIVE
TXN-114390,2024-03-16 00:00:00,S-002,ART-00007,-1,697.35,TRY,0.0,CUST-001241,Humid,"quantity must be positive, got -1",TRANSACTIONS_QUANTITY_NOT_POSITIVE
TXN-109463,2024-03-10 00:00:00,S-004,ART-00025,-2,3264.67,TRY,0.0,CUST-001135,Rainy,"quantity must be positive, got -2",TRANSACTIONS_QUANTITY_NOT_POSITIVE
TXN-119163,2024-03-21 00:00:00,S-002,ART-00096,-1,437.95,TRY,0.0,CUST-000440,Humid,"quantity must be positive, got -1",TRANSACTIONS_QUANTITY_NOT_POSITIVE
TXN-117794,2024-03-19 00:00:00,S-004,ART-00023,-2,356.05,TRY,0.0,CUST-000075,Cloudy,"quantity must be positive, got -2",TRANSACTIONS_QUANTITY_NOT_POSITIVE
TXN-113211,2024-03-15 00:00:00,S-001,ART-00085,-2,521.35,TRY,0.0,,Rainy,"quantity must be positive, got -2",TRANSACTIONS_QUANTITY_NOT_POSITIVE
TXN-101162,2024-03-02 00:00:00,S-002,ART-00062,-3,379.86,TRY,0.0,CUST-000264,Sunny,"quantity must be positive, got -3",TRANSACTIONS_QUANTITY_NOT_POSITIVE
TXN-104927,2024-03-06 00:00:00,S-001,ART-00022,-1,522.4,TRY,28.6,CUST-000536,Humid,"quantity must be positive, got -1",TRANSACTIONS_QUANTITY_NOT_POSITIVE
TXN-123521,2024-03-26 00:00:00,S-001,ART-00013,-1,538.61,TRY,0.0,CUST-000658,Cold,"quantity must be positive, got -1",TRANSACTIONS_QUANTITY_NOT_POSITIVE
TXN-115973,2024-03-17 00:00:00,S-004,ART-00007,-2,691.22,TRY,0.0,CUST-000112,Hot,"quantity must be positive, got -2",TRANSACTIONS_QUANTITY_NOT_POSITIVE
TXN-105878,2024-03-07 00:00:00,S-002,ART-00017,-1,370.87,TRY,0.0,CUST-001374,Hot,"quantity must be positive, got -1",TRANSACTIONS_QUANTITY_NOT_POSITIVE
TXN-104199,2024-03-05 00:00:00,S-002,ART-00016,-3,306.24,TRY,0.0,CUST-000169,Cloudy,"quantity must be positive, got -3",TRANSACTIONS_QUANTITY_NOT_POSITIVE
TXN-128207,2024-03-31 00:00:00,S-003,ART-00008,-1,337.06,TRY,10.1,CUST-000764,Sunny,"quantity must be positive, got -1",TRANSACTIONS_QUANTITY_NOT_POSITIVE
TXN-109425,2024-03-10 00:00:00,S-004,ART-00039,-3,720.03,TRY,24.1,CUST-000322,Humid,"quantity must be positive, got -3",TRANSACTIONS_QUANTITY_NOT_POSITIVE
TXN-109176,2024-03-10 00:00:00,S-003,ART-00011,-2,240.27,TRY,22.4,CUST-000682,Humid,"quantity must be positive, got -2",TRANSACTIONS_QUANTITY_NOT_POSITIVE
TXN-117359,2024-03-19 00:00:00,S-002,ART-00037,-1,303.92,TRY,14.3,CUST-000225,Humid,"quantity must be positive, got -1",TRANSACTIONS_QUANTITY_NOT_POSITIVE
TXN-117571,2024-03-19 00:00:00,S-002,ART-00024,-3,529.37,TRY,0.0,CUST-001480,Humid,"quantity must be positive, got -3",TRANSACTIONS_QUANTITY_NOT_POSITIVE
TXN-117889,2024-03-19 00:00:00,S-004,ART-00015,-2,456.2,TRY,0.0,CUST-000888,Cloudy,"quantity must be positive, got -2",TRANSACTIONS_QUANTITY_NOT_POSITIVE
TXN-118381,2024-03-20 00:00:00,S-002,ART-00026,-1,786.67,TRY,0.0,CUST-000897,Cloudy,"quantity must be positive, got -1",TRANSACTIONS_QUANTITY_NOT_POSITIVE
TXN-125738,2024-03-29 00:00:00,S-001,ART-00012,-1,143.47,TRY,11.9,CUST-000370,Humid,"quantity must be positive, got -1",TRANSACTIONS_QUANTITY_NOT_POSITIVE
TXN-120863,2024-03-23 00:00:00,S-002,ART-00034,-1,354.12,TRY,0.0,CUST-000420,Cold,"quantity must be positive, got -1",TRANSACTIONS_QUANTITY_NOT_POSITIVE
TXN-107244,2024-03-08 00:00:00,S-005,ART-00025,-1,3361.3,TRY,9.9,CUST-001390,Sunny,"quantity must be positive, got -1",TRANSACTIONS_QUANTITY_NOT_POSITIVE
TXN-110336,2024-03-11 00:00:00,S-004,ART-00017,-5,366.23,TRY,8.9,CUST-000777,Rainy,"quantity must be positive, got -5",TRANSACTIONS_QUANTITY_NOT_POSITIVE
TXN-106954,2024-03-08 00:00:00,S-003,ART-00005,-1,499.05,TRY,17.2,CUST-001333,Humid,"quantity must be positive, got -1",TRANSACTIONS_QUANTITY_NOT_POSITIVE
TXN-110021,2024-03-11 00:00:00,S-002,ART-00014,-1,526.47,TRY,0.0,CUST-000420,Rainy,"quantity must be positive, got -1",TRANSACTIONS_QUANTITY_NOT_POSITIVE
TXN-103328,2024-03-04 00:00:00,S-002,ART-00055,-1,3570.5,TRY,0.0,CUST-000376,Cold,"quantity must be positive, got -1",TRANSACTIONS_QUANTITY_NOT_POSITIVE
TXN-122251,2024-03-24 00:00:00,S-004,ART-00019,-2,429.02,TRY,0.0,CUST-000802,Hot,"quantity must be positive, got -2",TRANSACTIONS_QUANTITY_NOT_POSITIVE
TXN-104109,2024-03-05 00:00:00,S-001,ART-00040,-1,4974.22,TRY,0.0,CUST-001304,Humid,"quantity must be positive, got -1",TRANSACTIONS_QUANTITY_NOT_POSITIVE
TXN-103522,2024-03-04 00:00:00,S-003,ART-00011,-1,245.86,TRY,0.0,CUST-001024,Humid,"quantity must be positive, got -1",TRANSACTIONS_QUANTITY_NOT_POSITIVE
TXN-112639,2024-03-14 00:00:00,S-002,ART-00058,-2,399.85,TRY,0.0,CUST-000143,Sunny,"quantity must be positive, got -2",TRANSACTIONS_QUANTITY_NOT_POSITIVE
TXN-102973,2024-03-03 00:00:00,S-005,ART-00005,-2,526.72,TRY,22.1,CUST-001065,Hot,"quantity must be positive, got -2",TRANSACTIONS_QUANTITY_NOT_POSITIVE
TXN-115769,2024-03-17 00:00:00,S-003,ART-00010,-1,294.53,TRY,0.0,CUST-000105,Cloudy,"quantity must be positive, got -1",TRANSACTIONS_QUANTITY_NOT_POSITIVE
TXN-111677,2024-03-13 00:00:00,S-002,ART-00019,-1,457.92,TRY,0.0,CUST-000196,Cloudy,"quantity must be positive, got -1",TRANSACTIONS_QUANTITY_NOT_POSITIVE
TXN-100718,2024-03-01 00:00:00,S-005,ART-00168,-2,4877.67,TRY,7.8,,Cold,"quantity must be positive, got -2",TRANSACTIONS_QUANTITY_NOT_POSITIVE
TXN-121549,2024-03-24 00:00:00,S-001,ART-00015,-5,476.71,TRY,0.0,,Humid,"quantity must be positive, got -5",TRANSACTIONS_QUANTITY_NOT_POSITIVE
TXN-105669,2024-03-07 00:00:00,S-001,ART-00031,-1,904.55,TRY,8.8,CUST-000105,Hot,"quantity must be positive, got -1",TRANSACTIONS_QUANTITY_NOT_POSITIVE
TXN-116874,2024-03-18 00:00:00,S-004,ART-00032,-1,465.98,TRY,0.0,CUST-000776,Sunny,"quantity must be positive, got -1",TRANSACTIONS_QUANTITY_NOT_POSITIVE
TXN-112626,2024-03-14 00:00:00,S-002,ART-00109,-1,1393.51,TRY,0.0,CUST-001414,Cloudy,"quantity must be positive, got -1",TRANSACTIONS_QUANTITY_NOT_POSITIVE
TXN-105286,2024-03-06 00:00:00,S-003,ART-00184,-2,368.74,TRY,0.0,CUST-001070,Cloudy,"quantity must be positive, got -2",TRANSACTIONS_QUANTITY_NOT_POSITIVE
TXN-123689,2024-03-26 00:00:00,S-002,ART-00026,-2,807.91,TRY,36.0,CUST-000131,Rainy,"quantity must be positive, got -2",TRANSACTIONS_QUANTITY_NOT_POSITIVE
TXN-116200,2024-03-17 00:00:00,S-005,ART-00073,-1,795.87,TRY,0.0,CUST-000285,Cloudy,"quantity must be positive, got -1",TRANSACTIONS_QUANTITY_NOT_POSITIVE
TXN-108308,2024-03-09 00:00:00,S-005,ART-00124,-1,559.17,TRY,0.0,CUST-001105,Hot,"quantity must be positive, got -1",TRANSACTIONS_QUANTITY_NOT_POSITIVE
TXN-114386,2024-03-16 00:00:00,S-002,ART-00030,-1,2877.64,TRY,0.0,CUST-000216,Sunny,"quantity must be positive, got -1",TRANSACTIONS_QUANTITY_NOT_POSITIVE
TXN-106475,2024-03-07 00:00:00,S-005,ART-00019,-2,441.74,TRY,0.0,CUST-001347,Rainy,"quantity must be positive, got -2",TRANSACTIONS_QUANTITY_NOT_POSITIVE
TXN-101073,2024-03-02 00:00:00,S-002,ART-00031,-1,935.61,TRY,0.0,CUST-001257,Hot,"quantity must be positive, got -1",TRANSACTIONS_QUANTITY_NOT_POSITIVE
TXN-119612,2024-03-21 00:00:00,S-005,ART-00039,-1,710.1,TRY,0.0,CUST-000847,Cloudy,"quantity must be positive, got -1",TRANSACTIONS_QUANTITY_NOT_POSITIVE
TXN-121569,2024-03-24 00:00:00,S-001,ART-00016,-1,297.68,TRY,0.0,CUST-000965,Humid,"quantity must be positive, got -1",TRANSACTIONS_QUANTITY_NOT_POSITIVE
TXN-122006,2024-03-24 00:00:00,S-003,ART-00030,-2,2846.48,TRY,0.0,CUST-000686,Sunny,"quantity must be positive, got -2",TRANSACTIONS_QUANTITY_NOT_POSITIVE
TXN-128451,2024-03-31 00:00:00,S-004,ART-00020,-3,2607.52,TRY,0.0,CUST-000392,Cloudy,"quantity must be positive, got -3",TRANSACTIONS_QUANTITY_NOT_POSITIVE
TXN-105843,2024-03-07 00:00:00,S-002,ART-00014,-2,556.91,TRY,5.3,CUST-000549,Hot,"quantity must be positive, got -2",TRANSACTIONS_QUANTITY_NOT_POSITIVE
TXN-124298,2024-03-27 00:00:00,S-001,ART-00121,-1,464.82,TRY,0.0,CUST-001224,Cold,"quantity must be positive, got -1",TRANSACTIONS_QUANTITY_NOT_POSITIVE
TXN-119811,2024-03-22 00:00:00,S-002,ART-00054,-1,2393.4,TRY,0.0,CUST-000519,Humid,"quantity must be positive, got -1",TRANSACTIONS_QUANTITY_NOT_POSITIVE
TXN-124046,2024-03-26 00:00:00,S-004,ART-00006,-3,336.84,TRY,21.6,CUST-000866,Humid,"quantity must be positive, got -3",TRANSACTIONS_QUANTITY_NOT_POSITIVE
TXN-103936,2024-03-04 00:00:00,S-005,ART-00023,-1,350.33,TRY,34.5,CUST-000584,Hot,"quantity must be positive, got -1",TRANSACTIONS_QUANTITY_NOT_POSITIVE
TXN-113866,2024-03-15 00:00:00,S-004,ART-00166,-1,121.13,TRY,0.0,CUST-001322,Cold,"quantity must be positive, got -1",TRANSACTIONS_QUANTITY_NOT_POSITIVE
TXN-110914,2024-03-12 00:00:00,S-002,ART-00171,-1,649.12,TRY,6.1,CUST-000651,Cold,"quantity must be positive, got -1",TRANSACTIONS_QUANTITY_NOT_POSITIVE
TXN-103237,2024-03-04 00:00:00,S-002,ART-00004,-4,686.28,TRY,0.0,CUST-000382,Sunny,"quantity must be positive, got -4",TRANSACTIONS_QUANTITY_NOT_POSITIVE
TXN-100930,2024-03-02 00:00:00,S-001,ART-00008,-1,343.55,TRY,0.0,,Rainy,"quantity must be positive, got -1",TRANSACTIONS_QUANTITY_NOT_POSITIVE
TXN-112967,2024-03-14 00:00:00,S-004,ART-00066,-2,3808.46,TRY,0.0,,Sunny,"quantity must be positive, got -2",TRANSACTIONS_QUANTITY_NOT_POSITIVE
TXN-127015,2024-03-30 00:00:00,S-002,ART-00039,-1,734.1,TRY,0.0,CUST-000327,Cold,"quantity must be positive, got -1",TRANSACTIONS_QUANTITY_NOT_POSITIVE
TXN-117859,2024-03-19 00:00:00,S-004,ART-00159,-1,104.5,TRY,0.0,CUST-000256,Hot,"quantity must be positive, got -1",TRANSACTIONS_QUANTITY_NOT_POSITIVE
TXN-101857,2024-03-02 00:00:00,S-005,ART-00154,-2,2298.75,TRY,6.4,CUST-001465,Hot,"quantity must be positive, got -2",TRANSACTIONS_QUANTITY_NOT_POSITIVE
TXN-107430,2024-03-09 00:00:00,S-001,ART-00129,-1,416.48,TRY,0.0,CUST-000969,Hot,"quantity must be positive, got -1",TRANSACTIONS_QUANTITY_NOT_POSITIVE
TXN-111329,2024-03-12 00:00:00,S-005,ART-00025,-1,3299.93,TRY,14.3,CUST-000465,Hot,"quantity must be positive, got -1",TRANSACTIONS_QUANTITY_NOT_POSITIVE
TXN-127509,2024-03-30 00:00:00,S-004,ART-00072,-1,470.02,TRY,10.3,CUST-001489,Hot,"quantity must be positive, got -1",TRANSACTIONS_QUANTITY_NOT_POSITIVE
TXN-100613,2024-03-01 00:00:00,S-004,ART-00013,-5,518.46,TRY,0.0,CUST-000975,Humid,"quantity must be positive, got -5",TRANSACTIONS_QUANTITY_NOT_POSITIVE
TXN-127807,2024-03-31 00:00:00,S-001,ART-00028,-1,106.05,TRY,0.0,CUST-000750,Cold,"quantity must be positive, got -1",TRANSACTIONS_QUANTITY_NOT_POSITIVE
TXN-110801,2024-03-12 00:00:00,S-002,ART-00016,-1,308.36,TRY,0.0,CUST-001337,Cold,"quantity must be positive, got -1",TRANSACTIONS_QUANTITY_NOT_POSITIVE
TXN-109558,2024-03-10 00:00:00,S-005,ART-00105,-4,255.75,TRY,0.0,CUST-000312,Cold,"quantity must be positive, got -4",TRANSACTIONS_QUANTITY_NOT_POSITIVE
TXN-101432,2024-03-02 00:00:00,S-003,ART-00025,-4,3349.09,TRY,0.0,CUST-001393,Sunny,"quantity must be positive, got -4",TRANSACTIONS_QUANTITY_NOT_POSITIVE
TXN-116064,2024-03-17 00:00:00,S-004,ART-00084,-1,1752.93,TRY,0.0,CUST-000788,Humid,"quantity must be positive, got -1",TRANSACTIONS_QUANTITY_NOT_POSITIVE
TXN-122739,2024-03-25 00:00:00,S-001,ART-00014,-3,568.05,TRY,6.5,CUST-000026,Cold,"quantity must be positive, got -3",TRANSACTIONS_QUANTITY_NOT_POSITIVE
TXN-109236,2024-03-10 00:00:00,S-003,ART-00046,-1,595.98,TRY,0.0,CUST-000989,Rainy,"quantity must be positive, got -1",TRANSACTIONS_QUANTITY_NOT_POSITIVE
TXN-125174,2024-03-28 00:00:00,S-002,ART-00012,-2,136.66,TRY,14.5,CUST-000248,Hot,"quantity must be positive, got -2",TRANSACTIONS_QUANTITY_NOT_POSITIVE
TXN-104876,2024-03-06 00:00:00,S-001,ART-00018,-5,384.08,TRY,0.0,CUST-000026,Rainy,"quantity must be positive, got -5",TRANSACTIONS_QUANTITY_NOT_POSITIVE
TXN-125139,2024-03-28 00:00:00,S-002,ART-00029,-2,578.14,TRY,0.0,CUST-000456,Cloudy,"quantity must be positive, got -2",TRANSACTIONS_QUANTITY_NOT_POSITIVE
TXN-124508,2024-03-27 00:00:00,S-002,ART-00035,-1,679.35,TRY,0.0,CUST-001431,Humid,"quantity must be positive, got -1",TRANSACTIONS_QUANTITY_NOT_POSITIVE
TXN-103632,2024-03-04 00:00:00,S-004,ART-00025,-1,3442.28,TRY,0.0,CUST-001364,Humid,"quantity must be positive, got -1",TRANSACTIONS_QUANTITY_NOT_POSITIVE
TXN-101639,2024-03-02 00:00:00,S-004,ART-00008,-1,337.5,TRY,6.6,CUST-000052,Rainy,"quantity must be positive, got -1",TRANSACTIONS_QUANTITY_NOT_POSITIVE
TXN-106489,2024-03-08 00:00:00,S-001,ART-00036,-1,67.45,TRY,0.0,CUST-000624,Humid,"quantity must be positive, got -1",TRANSACTIONS_QUANTITY_NOT_POSITIVE
TXN-100846,2024-03-02 00:00:00,S-001,ART-00036,-3,65.93,TRY,22.5,CUST-001011,Sunny,"quantity must be positive, got -3",TRANSACTIONS_QUANTITY_NOT_POSITIVE
TXN-104918,2024-03-06 00:00:00,S-001,ART-00027,-5,1257.51,TRY,5.8,CUST-000636,Sunny,"quantity must be positive, got -5",TRANSACTIONS_QUANTITY_NOT_POSITIVE
TXN-125593,2024-03-28 00:00:00,S-005,ART-00064,-2,166.67,TRY,0.0,CUST-000475,Humid,"quantity must be positive, got -2",TRANSACTIONS_QUANTITY_NOT_POSITIVE
TXN-117092,2024-03-18 00:00:00,S-005,ART-00005,-2,530.85,TRY,0.0,CUST-000890,Cold,"quantity must be positive, got -2",TRANSACTIONS_QUANTITY_NOT_POSITIVE
TXN-103041,2024-03-03 00:00:00,S-005,ART-00006,-3,342.84,TRY,0.0,CUST-000788,Rainy,"quantity must be positive, got -3",TRANSACTIONS_QUANTITY_NOT_POSITIVE
TXN-117773,2024-03-19 00:00:00,S-004,ART-00084,-1,1920.59,TRY,0.0,CUST-000825,Cloudy,"quantity must be positive, got -1",TRANSACTIONS_QUANTITY_NOT_POSITIVE
TXN-107762,2024-03-09 00:00:00,S-002,ART-00011,-2,235.33,TRY,0.0,CUST-001234,Rainy,"quantity must be positive, got -2",TRANSACTIONS_QUANTITY_NOT_POSITIVE
TXN-110239,2024-03-11 00:00:00,S-003,ART-00033,-1,369.52,TRY,7.6,CUST-000758,Hot,"quantity must be positive, got -1",TRANSACTIONS_QUANTITY_NOT_POSITIVE
TXN-120741,2024-03-23 00:00:00,S-002,ART-00030,-5,3057.13,TRY,0.0,CUST-000805,Sunny,"quantity must be positive, got -5",TRANSACTIONS_QUANTITY_NOT_POSITIVE
TXN-124604,2024-03-27 00:00:00,S-003,ART-00004,-1,693.37,TRY,24.3,CUST-000432,Cold,"quantity must be positive, got -1",TRANSACTIONS_QUANTITY_NOT_POSITIVE
TXN-127406,2024-03-30 00:00:00,S-004,ART-00018,-4,380.57,TRY,6.9,CUST-000763,Hot,"quantity must be positive, got -4",TRANSACTIONS_QUANTITY_NOT_POSITIVE
TXN-106155,2024-03-07 00:00:00,S-004,ART-00015,-1,456.89,TRY,0.0,CUST-000316,Sunny,"quantity must be positive, got -1",TRANSACTIONS_QUANTITY_NOT_POSITIVE
TXN-123822,2024-03-26 00:00:00,S-002,ART-00011,-1,238.02,TRY,28.1,CUST-001244,Hot,"quantity must be positive, got -1",TRANSACTIONS_QUANTITY_NOT_POSITIVE
TXN-113914,2024-03-15 00:00:00,S-004,ART-00125,-2,435.76,TRY,19.0,CUST-001358,Humid,"quantity must be positive, got -2",TRANSACTIONS_QUANTITY_NOT_POSITIVE
TXN-111874,2024-03-13 00:00:00,S-003,ART-00021,-2,7163.67,TRY,38.6,CUST-001008,Humid,"quantity must be positive, got -2",TRANSACTIONS_QUANTITY_NOT_POSITIVE
TXN-119121,2024-03-21 00:00:00,S-002,ART-00019,-1,436.26,TRY,0.0,CUST-001342,Sunny,"quantity must be positive, got -1",TRANSACTIONS_QUANTITY_NOT_POSITIVE
TXN-116221,2024-03-17 00:00:00,S-005,ART-00028,-1,101.88,TRY,0.0,CUST-000031,Cold,"quantity must be positive, got -1",TRANSACTIONS_QUANTITY_NOT_POSITIVE
TXN-125511,2024-03-28 00:00:00,S-004,ART-00026,-2,838.3,TRY,9.7,CUST-000021,Humid,"quantity must be positive, got -2",TRANSACTIONS_QUANTITY_NOT_POSITIVE
TXN-104233,2024-03-05 00:00:00,S-002,ART-00039,-5,753.5,TRY,0.0,CUST-000409,Sunny,"quantity must be positive, got -5",TRANSACTIONS_QUANTITY_NOT_POSITIVE
TXN-121173,2024-03-23 00:00:00,S-004,ART-00035,-4,679.69,TRY,0.0,CUST-000796,Cold,"quantity must be positive, got -4",TRANSACTIONS_QUANTITY_NOT_POSITIVE
TXN-102107,2024-03-03 00:00:00,S-002,ART-00010,-1,319.4,TRY,0.0,CUST-000494,Rainy,"quantity must be positive, got -1",TRANSACTIONS_QUANTITY_NOT_POSITIVE
TXN-127325,2024-03-30 00:00:00,S-004,ART-00032,-2,478.7,TRY,14.9,CUST-000379,Cold,"quantity must be positive, got -2",TRANSACTIONS_QUANTITY_NOT_POSITIVE
TXN-112952,2024-03-14 00:00:00,S-004,ART-00037,-2,302.68,TRY,0.0,CUST-000762,Cloudy,"quantity must be positive, got -2",TRANSACTIONS_QUANTITY_NOT_POSITIVE
TXN-126728,2024-03-30 00:00:00,S-001,ART-00040,-5,5272.04,TRY,0.0,CUST-001256,Cold,"quantity must be positive, got -5",TRANSACTIONS_QUANTITY_NOT_POSITIVE
TXN-107805,2024-03-09 00:00:00,S-002,ART-00049,-1,817.44,TRY,0.0,CUST-000450,Sunny,"quantity must be positive, got -1",TRANSACTIONS_QUANTITY_NOT_POSITIVE
TXN-113918,2024-03-15 00:00:00,S-004,ART-00170,-1,3715.59,TRY,0.0,CUST-000790,Rainy,"quantity must be positive, got -1",TRANSACTIONS_QUANTITY_NOT_POSITIVE
TXN-114044,2024-03-16 00:00:00,S-001,ART-00030,-1,2872.54,TRY,34.8,,Hot,"quantity must be positive, got -1",TRANSACTIONS_QUANTITY_NOT_POSITIVE
TXN-116390,2024-03-17 00:00:00,S-005,ART-00024,-1,545.15,TRY,0.0,CUST-001002,Hot,"quantity must be positive, got -1",TRANSACTIONS_QUANTITY_NOT_POSITIVE
TXN-121950,2024-03-24 00:00:00,S-003,ART-00183,-1,390.34,TRY,13.5,CUST-001376,Cold,"quantity must be positive, got -1",TRANSACTIONS_QUANTITY_NOT_POSITIVE
TXN-123575,2024-03-26 00:00:00,S-001,ART-00036,-3,66.59,TRY,0.0,CUST-000958,Cloudy,"quantity must be positive, got -3",TRANSACTIONS_QUANTITY_NOT_POSITIVE
TXN-120359,2024-03-22 00:00:00,S-004,ART-00137,-1,4365.48,TRY,0.0,CUST-000772,Hot,"quantity must be positive, got -1",TRANSACTIONS_QUANTITY_NOT_POSITIVE
TXN-100418,2024-03-01 00:00:00,S-004,ART-00123,-1,480.4,TRY,0.0,CUST-000559,Sunny,"quantity must be positive, got -1",TRANSACTIONS_QUANTITY_NOT_POSITIVE
TXN-103914,2024-03-04 00:00:00,S-005,ART-00026,-2,809.36,TRY,0.0,CUST-001181,Hot,"quantity must be positive, got -2",TRANSACTIONS_QUANTITY_NOT_POSITIVE
TXN-104612,2024-03-05 00:00:00,S-004,ART-00020,-1,2511.68,TRY,6.9,CUST-000124,Rainy,"quantity must be positive, got -1",TRANSACTIONS_QUANTITY_NOT_POSITIVE
TXN-110493,2024-03-11 00:00:00,S-004,ART-00058,-1,432.96,TRY,7.2,CUST-000346,Rainy,"quantity must be positive, got -1",TRANSACTIONS_QUANTITY_NOT_POSITIVE
TXN-121920,2024-03-24 00:00:00,S-003,ART-00033,-3,373.16,TRY,0.0,CUST-001000,Rainy,"quantity must be positive, got -3",TRANSACTIONS_QUANTITY_NOT_POSITIVE
TXN-113546,2024-03-15 00:00:00,S-003,ART-00103,-2,1987.95,TRY,0.0,CUST-000668,Sunny,"quantity must be positive, got -2",TRANSACTIONS_QUANTITY_NOT_POSITIVE
TXN-122249,2024-03-24 00:00:00,S-004,ART-00025,-1,3415.67,TRY,0.0,CUST-000094,Cloudy,"quantity must be positive, got -1",TRANSACTIONS_QUANTITY_NOT_POSITIVE
TXN-121835,2024-03-24 00:00:00,S-002,ART-00030,-2,3050.27,TRY,0.0,CUST-000294,Humid,"quantity must be positive, got -2",TRANSACTIONS_QUANTITY_NOT_POSITIVE
TXN-119175,2024-03-21 00:00:00,S-002,ART-00002,-1,303.01,TRY,0.0,CUST-000761,Sunny,"quantity must be positive, got -1",TRANSACTIONS_QUANTITY_NOT_POSITIVE
TXN-107630,2024-03-09 00:00:00,S-002,ART-00017,-1,377.02,TRY,13.4,CUST-000097,Sunny,"quantity must be positive, got -1",TRANSACTIONS_QUANTITY_NOT_POSITIVE
TXN-101022,2024-03-02 00:00:00,S-002,ART-00024,-1,542.54,TRY,0.0,CUST-000396,Rainy,"quantity must be positive, got -1",TRANSACTIONS_QUANTITY_NOT_POSITIVE
TXN-110628,2024-03-11 00:00:00,S-005,ART-00026,-1,827.52,TRY,0.0,CUST-000428,Sunny,"quantity must be positive, got -1",TRANSACTIONS_QUANTITY_NOT_POSITIVE
TXN-127496,2024-03-30 00:00:00,S-004,ART-00030,-1,3061.41,TRY,0.0,CUST-000685,Hot,"quantity must be positive, got -1",TRANSACTIONS_QUANTITY_NOT_POSITIVE
TXN-106482,2024-03-07 00:00:00,S-099,ART-00030,2,2805.29,TRY,0.0,CUST-001417,Rainy,store_id 'S-099' not found in stores,TRANSACTIONS_STORE_ID_UNKNOWN
TXN-118908,2024-03-20 00:00:00,S-099,ART-00002,3,302.39,TRY,0.0,CUST-001103,Rainy,store_id 'S-099' not found in stores,TRANSACTIONS_STORE_ID_UNKNOWN
TXN-106485,2024-03-07 00:00:00,S-099,ART-00032,2,487.46,TRY,0.0,CUST-001026,Sunny,store_id 'S-099' not found in stores,TRANSACTIONS_STORE_ID_UNKNOWN
TXN-118910,2024-03-20 00:00:00,S-099,ART-00039,3,760.09,TRY,0.0,CUST-001178,Sunny,store_id 'S-099' not found in stores,TRANSACTIONS_STORE_ID_UNKNOWN
TXN-124270,2024-03-26 00:00:00,S-099,ART-00018,3,381.66,TRY,0.0,CUST-000212,Cloudy,store_id 'S-099' not found in stores,TRANSACTIONS_STORE_ID_UNKNOWN
TXN-106481,2024-03-07 00:00:00,S-099,ART-00038,2,1165.17,TRY,0.0,CUST-000054,Rainy,store_id 'S-099' not found in stores,TRANSACTIONS_STORE_ID_UNKNOWN
TXN-118918,2024-03-20 00:00:00,S-099,ART-00024,3,527.57,TRY,0.0,CUST-000854,Rainy,store_id 'S-099' not found in stores,TRANSACTIONS_STORE_ID_UNKNOWN
TXN-106484,2024-03-07 00:00:00,S-099,ART-00005,2,521.06,TRY,0.0,CUST-000846,Cloudy,store_id 'S-099' not found in stores,TRANSACTIONS_STORE_ID_UNKNOWN
TXN-112309,2024-03-13 00:00:00,S-099,ART-00030,3,3061.34,TRY,0.0,CUST-000324,Sunny,store_id 'S-099' not found in stores,TRANSACTIONS_STORE_ID_UNKNOWN
TXN-124258,2024-03-26 00:00:00,S-099,ART-00005,1,521.12,TRY,0.0,CUST-000396,Sunny,store_id 'S-099' not found in stores,TRANSACTIONS_STORE_ID_UNKNOWN
TXN-124267,2024-03-26 00:00:00,S-099,ART-00036,1,65.25,TRY,0.0,CUST-000731,Rainy,store_id 'S-099' not found in stores,TRANSACTIONS_STORE_ID_UNKNOWN
TXN-120586,2024-03-22 00:00:00,S-099,ART-00021,2,6645.71,TRY,0.0,CUST-000007,Cloudy,store_id 'S-099' not found in stores,TRANSACTIONS_STORE_ID_UNKNOWN
TXN-112305,2024-03-13 00:00:00,S-099,ART-00001,3,4764.28,TRY,0.0,CUST-000208,Sunny,store_id 'S-099' not found in stores,TRANSACTIONS_STORE_ID_UNKNOWN
TXN-112302,2024-03-13 00:00:00,S-099,ART-00038,2,1121.76,TRY,0.0,CUST-000902,Sunny,store_id 'S-099' not found in stores,TRANSACTIONS_STORE_ID_UNKNOWN
TXN-118915,2024-03-20 00:00:00,S-099,ART-00038,3,1171.99,TRY,0.0,CUST-000970,Rainy,store_id 'S-099' not found in stores,TRANSACTIONS_STORE_ID_UNKNOWN
TXN-128724,2024-03-31 00:00:00,S-099,ART-00011,2,243.83,TRY,0.0,CUST-000500,Sunny,store_id 'S-099' not found in stores,TRANSACTIONS_STORE_ID_UNKNOWN
TXN-126611,2024-03-29 00:00:00,S-099,ART-00010,2,299.28,TRY,0.0,CUST-000212,Rainy,store_id 'S-099' not found in stores,TRANSACTIONS_STORE_ID_UNKNOWN
TXN-126618,2024-03-29 00:00:00,S-099,ART-00011,1,251.78,TRY,0.0,CUST-000605,Rainy,store_id 'S-099' not found in stores,TRANSACTIONS_STORE_ID_UNKNOWN
TXN-118903,2024-03-20 00:00:00,S-099,ART-00036,1,67.29,TRY,0.0,CUST-000517,Cloudy,store_id 'S-099' not found in stores,TRANSACTIONS_STORE_ID_UNKNOWN
TXN-124940,2024-03-27 00:00:00,S-099,ART-00014,2,523.59,TRY,0.0,CUST-000653,Cloudy,store_id 'S-099' not found in stores,TRANSACTIONS_STORE_ID_UNKNOWN
TXN-118916,2024-03-20 00:00:00,S-099,ART-00032,2,488.41,TRY,0.0,CUST-000753,Rainy,store_id 'S-099' not found in stores,TRANSACTIONS_STORE_ID_UNKNOWN
TXN-112310,2024-03-13 00:00:00,S-099,ART-00020,2,2680.95,TRY,0.0,CUST-001365,Rainy,store_id 'S-099' not found in stores,TRANSACTIONS_STORE_ID_UNKNOWN
TXN-128727,2024-03-31 00:00:00,S-099,ART-00010,1,321.84,TRY,0.0,CUST-001077,Cloudy,store_id 'S-099' not found in stores,TRANSACTIONS_STORE_ID_UNKNOWN
TXN-124261,2024-03-26 00:00:00,S-099,ART-00037,1,306.87,TRY,0.0,CUST-001131,Sunny,store_id 'S-099' not found in stores,TRANSACTIONS_STORE_ID_UNKNOWN
TXN-112308,2024-03-13 00:00:00,S-099,ART-00011,3,246.73,TRY,0.0,CUST-001415,Rainy,store_id 'S-099' not found in stores,TRANSACTIONS_STORE_ID_UNKNOWN
TXN-124262,2024-03-26 00:00:00,S-099,ART-00017,3,376.56,TRY,0.0,CUST-000632,Sunny,store_id 'S-099' not found in stores,TRANSACTIONS_STORE_ID_UNKNOWN
TXN-119619,2024-03-21 00:00:00,S-099,ART-00008,1,340.2,TRY,0.0,CUST-000500,Cloudy,store_id 'S-099' not found in stores,TRANSACTIONS_STORE_ID_UNKNOWN
TXN-118917,2024-03-20 00:00:00,S-099,ART-00004,3,673.95,TRY,0.0,CUST-000794,Rainy,store_id 'S-099' not found in stores,TRANSACTIONS_STORE_ID_UNKNOWN
TXN-118905,2024-03-20 00:00:00,S-099,ART-00026,3,813.19,TRY,0.0,CUST-000846,Cloudy,store_id 'S-099' not found in stores,TRANSACTIONS_STORE_ID_UNKNOWN
TXN-106483,2024-03-07 00:00:00,S-099,ART-00030,2,3017.39,TRY,0.0,CUST-000297,Sunny,store_id 'S-099' not found in stores,TRANSACTIONS_STORE_ID_UNKNOWN
TXN-112303,2024-03-13 00:00:00,S-099,ART-00027,3,1330.46,TRY,0.0,CUST-000157,Rainy,store_id 'S-099' not found in stores,TRANSACTIONS_STORE_ID_UNKNOWN
TXN-124259,2024-03-26 00:00:00,S-099,ART-00036,1,64.38,TRY,0.0,CUST-000652,Rainy,store_id 'S-099' not found in stores,TRANSACTIONS_STORE_ID_UNKNOWN
TXN-124938,2024-03-27 00:00:00,S-099,ART-00034,1,358.59,TRY,0.0,CUST-000179,Cloudy,store_id 'S-099' not found in stores,TRANSACTIONS_STORE_ID_UNKNOWN
TXN-118906,2024-03-20 00:00:00,S-099,ART-00006,1,330.13,TRY,0.0,CUST-000299,Cloudy,store_id 'S-099' not found in stores,TRANSACTIONS_STORE_ID_UNKNOWN
TXN-124935,2024-03-27 00:00:00,S-099,ART-00025,2,3304.18,TRY,0.0,CUST-001091,Cloudy,store_id 'S-099' not found in stores,TRANSACTIONS_STORE_ID_UNKNOWN
TXN-112312,2024-03-13 00:00:00,S-099,ART-00038,3,1117.86,TRY,0.0,CUST-000584,Sunny,store_id 'S-099' not found in stores,TRANSACTIONS_STORE_ID_UNKNOWN
TXN-124948,2024-03-27 00:00:00,S-099,ART-00023,1,363.86,TRY,0.0,CUST-000388,Rainy,store_id 'S-099' not found in stores,TRANSACTIONS_STORE_ID_UNKNOWN
TXN-124264,2024-03-26 00:00:00,S-099,ART-00022,1,538.37,TRY,0.0,CUST-000031,Rainy,store_id 'S-099' not found in stores,TRANSACTIONS_STORE_ID_UNKNOWN
TXN-118919,2024-03-20 00:00:00,S-099,ART-00038,2,1101.55,TRY,0.0,CUST-000590,Rainy,store_id 'S-099' not found in stores,TRANSACTIONS_STORE_ID_UNKNOWN
TXN-112314,2024-03-13 00:00:00,S-099,ART-00025,2,3220.19,TRY,0.0,CUST-001089,Cloudy,store_id 'S-099' not found in stores,TRANSACTIONS_STORE_ID_UNKNOWN
TXN-124930,2024-03-27 00:00:00,S-099,ART-00036,3,69.14,TRY,0.0,CUST-000312,Sunny,store_id 'S-099' not found in stores,TRANSACTIONS_STORE_ID_UNKNOWN
TXN-126617,2024-03-29 00:00:00,S-099,ART-00012,1,135.7,TRY,0.0,CUST-000293,Cloudy,store_id 'S-099' not found in stores,TRANSACTIONS_STORE_ID_UNKNOWN
TXN-118913,2024-03-20 00:00:00,S-099,ART-00004,2,651.52,TRY,0.0,CUST-000253,Sunny,store_id 'S-099' not found in stores,TRANSACTIONS_STORE_ID_UNKNOWN
TXN-128726,2024-03-31 00:00:00,S-099,ART-00013,3,516.14,TRY,0.0,CUST-000218,Rainy,store_id 'S-099' not found in stores,TRANSACTIONS_STORE_ID_UNKNOWN
TXN-124275,2024-03-26 00:00:00,S-099,ART-00035,3,698.95,TRY,0.0,CUST-000178,Sunny,store_id 'S-099' not found in stores,TRANSACTIONS_STORE_ID_UNKNOWN
TXN-124268,2024-03-26 00:00:00,S-099,ART-00031,1,888.96,TRY,0.0,CUST-000665,Rainy,store_id 'S-099' not found in stores,TRANSACTIONS_STORE_ID_UNKNOWN
TXN-128723,2024-03-31 00:00:00,S-099,ART-00016,2,308.12,TRY,0.0,CUST-000411,Rainy,store_id 'S-099' not found in stores,TRANSACTIONS_STORE_ID_UNKNOWN
TXN-106486,2024-03-07 00:00:00,S-099,ART-00033,3,375.72,TRY,0.0,CUST-000024,Rainy,store_id 'S-099' not found in stores,TRANSACTIONS_STORE_ID_UNKNOWN
TXN-126613,2024-03-29 00:00:00,S-099,ART-00031,2,909.65,TRY,0.0,CUST-000531,Cloudy,store_id 'S-099' not found in stores,TRANSACTIONS_STORE_ID_UNKNOWN
TXN-119621,2024-03-21 00:00:00,S-099,ART-00038,2,1150.19,TRY,0.0,CUST-001259,Rainy,store_id 'S-099' not found in stores,TRANSACTIONS_STORE_ID_UNKNOWN
TXN-126622,2024-03-29 00:00:00,S-099,ART-00023,2,360.0,TRY,0.0,CUST-000332,Sunny,store_id 'S-099' not found in stores,TRANSACTIONS_STORE_ID_UNKNOWN
TXN-118911,2024-03-20 00:00:00,S-099,ART-00011,2,235.61,TRY,0.0,CUST-000959,Cloudy,store_id 'S-099' not found in stores,TRANSACTIONS_STORE_ID_UNKNOWN
TXN-124272,2024-03-26 00:00:00,S-099,ART-00016,1,314.49,TRY,0.0,CUST-000460,Rainy,store_id 'S-099' not found in stores,TRANSACTIONS_STORE_ID_UNKNOWN
TXN-124931,2024-03-27 00:00:00,S-099,ART-00023,2,377.88,TRY,0.0,CUST-000012,Rainy,store_id 'S-099' not found in stores,TRANSACTIONS_STORE_ID_UNKNOWN
TXN-119623,2024-03-21 00:00:00,S-099,ART-00039,1,763.75,TRY,0.0,CUST-001368,Cloudy,store_id 'S-099' not found in stores,TRANSACTIONS_STORE_ID_UNKNOWN
TXN-112311,2024-03-13 00:00:00,S-099,ART-00024,3,539.76,TRY,0.0,CUST-000487,Rainy,store_id 'S-099' not found in stores,TRANSACTIONS_STORE_ID_UNKNOWN
TXN-124256,2024-03-26 00:00:00,S-099,ART-00013,3,490.52,TRY,0.0,CUST-001366,Rainy,store_id 'S-099' not found in stores,TRANSACTIONS_STORE_ID_UNKNOWN
TXN-124944,2024-03-27 00:00:00,S-099,ART-00006,3,345.83,TRY,0.0,CUST-000738,Rainy,store_id 'S-099' not found in stores,TRANSACTIONS_STORE_ID_UNKNOWN
TXN-128722,2024-03-31 00:00:00,S-099,ART-00018,1,365.83,TRY,0.0,CUST-001284,Rainy,store_id 'S-099' not found in stores,TRANSACTIONS_STORE_ID_UNKNOWN
TXN-128731,2024-03-31 00:00:00,S-099,ART-00005,3,500.9,TRY,0.0,CUST-001205,Cloudy,store_id 'S-099' not found in stores,TRANSACTIONS_STORE_ID_UNKNOWN
TXN-124932,2024-03-27 00:00:00,S-099,ART-00006,3,317.75,TRY,0.0,CUST-000335,Sunny,store_id 'S-099' not found in stores,TRANSACTIONS_STORE_ID_UNKNOWN
TXN-118907,2024-03-20 00:00:00,S-099,ART-00007,2,660.57,TRY,0.0,CUST-000947,Sunny,store_id 'S-099' not found in stores,TRANSACTIONS_STORE_ID_UNKNOWN
TXN-124945,2024-03-27 00:00:00,S-099,ART-00031,3,938.73,TRY,0.0,CUST-000286,Cloudy,store_id 'S-099' not found in stores,TRANSACTIONS_STORE_ID_UNKNOWN
TXN-128720,2024-03-31 00:00:00,S-099,ART-00006,1,319.11,TRY,0.0,CUST-001068,Cloudy,store_id 'S-099' not found in stores,TRANSACTIONS_STORE_ID_UNKNOWN
TXN-126620,2024-03-29 00:00:00,S-099,ART-00013,2,531.76,TRY,0.0,CUST-000270,Sunny,store_id 'S-099' not found in stores,TRANSACTIONS_STORE_ID_UNKNOWN
TXN-118912,2024-03-20 00:00:00,S-099,ART-00039,3,727.65,TRY,0.0,CUST-000788,Rainy,store_id 'S-099' not found in stores,TRANSACTIONS_STORE_ID_UNKNOWN
TXN-120583,2024-03-22 00:00:00,S-099,ART-00031,3,875.46,TRY,0.0,CUST-000535,Sunny,store_id 'S-099' not found in stores,TRANSACTIONS_STORE_ID_UNKNOWN
TXN-112304,2024-03-13 00:00:00,S-099,ART-00004,1,686.11,TRY,0.0,CUST-001090,Cloudy,store_id 'S-099' not found in stores,TRANSACTIONS_STORE_ID_UNKNOWN
TXN-124933,2024-03-27 00:00:00,S-099,ART-00032,1,464.77,TRY,0.0,CUST-001412,Rainy,store_id 'S-099' not found in stores,TRANSACTIONS_STORE_ID_UNKNOWN
TXN-112315,2024-03-13 00:00:00,S-099,ART-00001,2,4835.03,TRY,0.0,CUST-000470,Rainy,store_id 'S-099' not found in stores,TRANSACTIONS_STORE_ID_UNKNOWN
TXN-112301,2024-03-13 00:00:00,S-099,ART-00039,1,766.68,TRY,0.0,CUST-000576,Sunny,store_id 'S-099' not found in stores,TRANSACTIONS_STORE_ID_UNKNOWN
TXN-126619,2024-03-29 00:00:00,S-099,ART-00024,1,546.05,TRY,0.0,CUST-000579,Sunny,store_id 'S-099' not found in stores,TRANSACTIONS_STORE_ID_UNKNOWN
TXN-128729,2024-03-31 00:00:00,S-099,ART-00009,1,243.25,TRY,0.0,CUST-001433,Rainy,store_id 'S-099' not found in stores,TRANSACTIONS_STORE_ID_UNKNOWN
TXN-124941,2024-03-27 00:00:00,S-099,ART-00040,1,4977.35,TRY,0.0,CUST-001253,Rainy,store_id 'S-099' not found in stores,TRANSACTIONS_STORE_ID_UNKNOWN
TXN-118904,2024-03-20 00:00:00,S-099,ART-00040,1,4938.6,TRY,0.0,CUST-000976,Cloudy,store_id 'S-099' not found in stores,TRANSACTIONS_STORE_ID_UNKNOWN
TXN-124266,2024-03-26 00:00:00,S-099,ART-00035,2,706.28,TRY,0.0,CUST-001236,Sunny,store_id 'S-099' not found in stores,TRANSACTIONS_STORE_ID_UNKNOWN
TXN-124942,2024-03-27 00:00:00,S-099,ART-00002,1,303.02,TRY,0.0,CUST-001128,Cloudy,store_id 'S-099' not found in stores,TRANSACTIONS_STORE_ID_UNKNOWN
TXN-124937,2024-03-27 00:00:00,S-099,ART-00021,3,7043.58,TRY,0.0,CUST-000684,Cloudy,store_id 'S-099' not found in stores,TRANSACTIONS_STORE_ID_UNKNOWN
TXN-119618,2024-03-21 00:00:00,S-099,ART-00023,3,372.51,TRY,0.0,CUST-001141,Sunny,store_id 'S-099' not found in stores,TRANSACTIONS_STORE_ID_UNKNOWN
TXN-112306,2024-03-13 00:00:00,S-099,ART-00034,2,381.21,TRY,0.0,CUST-000261,Sunny,store_id 'S-099' not found in stores,TRANSACTIONS_STORE_ID_UNKNOWN
TXN-124269,2024-03-26 00:00:00,S-099,ART-00034,1,369.76,TRY,0.0,CUST-000772,Sunny,store_id 'S-099' not found in stores,TRANSACTIONS_STORE_ID_UNKNOWN
TXN-124274,2024-03-26 00:00:00,S-099,ART-00039,3,727.62,TRY,0.0,CUST-000349,Sunny,store_id 'S-099' not found in stores,TRANSACTIONS_STORE_ID_UNKNOWN
TXN-124257,2024-03-26 00:00:00,S-099,ART-00032,3,473.68,TRY,0.0,CUST-000747,Rainy,store_id 'S-099' not found in stores,TRANSACTIONS_STORE_ID_UNKNOWN
TXN-120581,2024-03-22 00:00:00,S-099,ART-00006,1,320.53,TRY,0.0,CUST-001312,Rainy,store_id 'S-099' not found in stores,TRANSACTIONS_STORE_ID_UNKNOWN
TXN-119620,2024-03-21 00:00:00,S-099,ART-00007,1,669.9,TRY,0.0,CUST-000678,Sunny,store_id 'S-099' not found in stores,TRANSACTIONS_STORE_ID_UNKNOWN
TXN-128732,2024-03-31 00:00:00,S-099,ART-00001,3,4726.86,TRY,0.0,CUST-000083,Rainy,store_id 'S-099' not found in stores,TRANSACTIONS_STORE_ID_UNKNOWN
TXN-128730,2024-03-31 00:00:00,S-099,ART-00020,2,2531.96,TRY,0.0,CUST-000730,Rainy,store_id 'S-099' not found in stores,TRANSACTIONS_STORE_ID_UNKNOWN
TXN-124271,2024-03-26 00:00:00,S-099,ART-00029,2,578.09,TRY,0.0,CUST-001286,Rainy,store_id 'S-099' not found in stores,TRANSACTIONS_STORE_ID_UNKNOWN
TXN-126621,2024-03-29 00:00:00,S-099,ART-00017,1,385.08,TRY,0.0,CUST-000861,Sunny,store_id 'S-099' not found in stores,TRANSACTIONS_STORE_ID_UNKNOWN
TXN-118920,2024-03-20 00:00:00,S-099,ART-00007,2,671.92,TRY,0.0,CUST-000892,Rainy,store_id 'S-099' not found in stores,TRANSACTIONS_STORE_ID_UNKNOWN
TXN-118909,2024-03-20 00:00:00,S-099,ART-00021,2,6503.79,TRY,0.0,CUST-000859,Cloudy,store_id 'S-099' not found in stores,TRANSACTIONS_STORE_ID_UNKNOWN
TXN-124273,2024-03-26 00:00:00,S-099,ART-00022,1,529.72,TRY,0.0,CUST-001331,Sunny,store_id 'S-099' not found in stores,TRANSACTIONS_STORE_ID_UNKNOWN
TXN-119622,2024-03-21 00:00:00,S-099,ART-00023,1,371.6,TRY,0.0,CUST-001112,Cloudy,store_id 'S-099' not found in stores,TRANSACTIONS_STORE_ID_UNKNOWN
TXN-124943,2024-03-27 00:00:00,S-099,ART-00008,2,347.01,TRY,0.0,CUST-000544,Sunny,store_id 'S-099' not found in stores,TRANSACTIONS_STORE_ID_UNKNOWN
TXN-112307,2024-03-13 00:00:00,S-099,ART-00019,2,459.47,TRY,0.0,CUST-000950,Sunny,store_id 'S-099' not found in stores,TRANSACTIONS_STORE_ID_UNKNOWN
TXN-124265,2024-03-26 00:00:00,S-099,ART-00008,3,345.78,TRY,0.0,CUST-000176,Cloudy,store_id 'S-099' not found in stores,TRANSACTIONS_STORE_ID_UNKNOWN
TXN-124260,2024-03-26 00:00:00,S-099,ART-00005,2,498.01,TRY,0.0,CUST-000050,Cloudy,store_id 'S-099' not found in stores,TRANSACTIONS_STORE_ID_UNKNOWN
TXN-124947,2024-03-27 00:00:00,S-099,ART-00001,3,4598.35,TRY,0.0,CUST-000782,Rainy,store_id 'S-099' not found in stores,TRANSACTIONS_STORE_ID_UNKNOWN
TXN-124946,2024-03-27 00:00:00,S-099,ART-00023,3,378.84,TRY,0.0,CUST-000632,Sunny,store_id 'S-099' not found in stores,TRANSACTIONS_STORE_ID_UNKNOWN
TXN-128728,2024-03-31 00:00:00,S-099,ART-00003,2,322.0,TRY,0.0,CUST-001352,Rainy,store_id 'S-099' not found in stores,TRANSACTIONS_STORE_ID_UNKNOWN
TXN-124936,2024-03-27 00:00:00,S-099,ART-00038,2,1144.54,TRY,0.0,CUST-000165,Sunny,store_id 'S-099' not found in stores,TRANSACTIONS_STORE_ID_UNKNOWN
TXN-120585,2024-03-22 00:00:00,S-099,ART-00033,2,372.57,TRY,0.0,CUST-000867,Cloudy,store_id 'S-099' not found in stores,TRANSACTIONS_STORE_ID_UNKNOWN
TXN-118914,2024-03-20 00:00:00,S-099,ART-00001,3,4906.89,TRY,0.0,CUST-001302,Sunny,store_id 'S-099' not found in stores,TRANSACTIONS_STORE_ID_UNKNOWN
TXN-126610,2024-03-29 00:00:00,S-099,ART-00038,2,1115.89,TRY,0.0,CUST-000954,Rainy,store_id 'S-099' not found in stores,TRANSACTIONS_STORE_ID_UNKNOWN
TXN-124263,2024-03-26 00:00:00,S-099,ART-00030,1,2985.72,TRY,0.0,CUST-000526,Cloudy,store_id 'S-099' not found in stores,TRANSACTIONS_STORE_ID_UNKNOWN
TXN-120582,2024-03-22 00:00:00,S-099,ART-00005,1,496.13,TRY,0.0,CUST-000923,Rainy,store_id 'S-099' not found in stores,TRANSACTIONS_STORE_ID_UNKNOWN
TXN-112313,2024-03-13 00:00:00,S-099,ART-00038,1,1104.03,TRY,0.0,CUST-001188,Sunny,store_id 'S-099' not found in stores,TRANSACTIONS_STORE_ID_UNKNOWN
TXN-124939,2024-03-27 00:00:00,S-099,ART-00019,3,445.35,TRY,0.0,CUST-000379,Sunny,store_id 'S-099' not found in stores,TRANSACTIONS_STORE_ID_UNKNOWN
TXN-126612,2024-03-29 00:00:00,S-099,ART-00019,1,450.74,TRY,0.0,CUST-000431,Rainy,store_id 'S-099' not found in stores,TRANSACTIONS_STORE_ID_UNKNOWN
TXN-126615,2024-03-29 00:00:00,S-099,ART-00012,2,136.39,TRY,0.0,CUST-000333,Sunny,store_id 'S-099' not found in stores,TRANSACTIONS_STORE_ID_UNKNOWN
TXN-126616,2024-03-29 00:00:00,S-099,ART-00028,1,104.99,TRY,0.0,CUST-000363,Sunny,store_id 'S-099' not found in stores,TRANSACTIONS_STORE_ID_UNKNOWN
TXN-124934,2024-03-27 00:00:00,S-099,ART-00022,3,508.79,TRY,0.0,CUST-000518,Rainy,store_id 'S-099' not found in stores,TRANSACTIONS_STORE_ID_UNKNOWN
TXN-128721,2024-03-31 00:00:00,S-099,ART-00037,3,319.76,TRY,0.0,CUST-001287,Rainy,store_id 'S-099' not found in stores,TRANSACTIONS_STORE_ID_UNKNOWN
TXN-128725,2024-03-31 00:00:00,S-099,ART-00022,3,504.49,TRY,0.0,CUST-001189,Rainy,store_id 'S-099' not found in stores,TRANSACTIONS_STORE_ID_UNKNOWN
TXN-120584,2024-03-22 00:00:00,S-099,ART-00037,2,301.51,TRY,0.0,CUST-000230,Cloudy,store_id 'S-099' not found in stores,TRANSACTIONS_STORE_ID_UNKNOWN
